time_s,block,first_iter,iters,elapsed_ns,avg_ns,mismatches
0.033540804,0,0,100000,33540804,335.408,0
0.067018740,1,100000,100000,33477936,334.779,0
0.100579873,2,200000,100000,33561133,335.611,0
0.134065447,3,300000,100000,33485574,334.856,0
0.167692369,4,400000,100000,33626922,336.269,0
0.201173396,5,500000,100000,33481027,334.810,0
0.234676508,6,600000,100000,33503112,335.031,0
0.268298618,7,700000,100000,33622110,336.221,0
0.301872717,8,800000,100000,33574099,335.741,0
0.335431695,9,900000,100000,33558978,335.590,0
0.368995851,10,1000000,100000,33564156,335.642,0
0.402469792,11,1100000,100000,33473941,334.739,0
0.436017424,12,1200000,100000,33547632,335.476,0
0.469567750,13,1300000,100000,33550326,335.503,0
0.503143823,14,1400000,100000,33576073,335.761,0
0.536666717,15,1500000,100000,33522894,335.229,0
0.570138101,16,1600000,100000,33471384,334.714,0
0.603616626,17,1700000,100000,33478525,334.785,0
0.637175946,18,1800000,100000,33559320,335.593,0
0.670785138,19,1900000,100000,33609192,336.092,0
0.704248453,20,2000000,100000,33463315,334.633,0
0.737719921,21,2100000,100000,33471468,334.715,0
0.771217783,22,2200000,100000,33497862,334.979,0
0.804688388,23,2300000,100000,33470605,334.706,0
0.838151258,24,2400000,100000,33462870,334.629,0
0.871727384,25,2500000,100000,33576126,335.761,0
0.905196711,26,2600000,100000,33469327,334.693,0
0.938672895,27,2700000,100000,33476184,334.762,0
0.972262689,28,2800000,100000,33589794,335.898,0
1.005729724,29,2900000,100000,33467035,334.670,0
1.039202338,30,3000000,100000,33472614,334.726,0
1.072865968,31,3100000,100000,33663630,336.636,0
1.106398793,32,3200000,100000,33532825,335.328,0
1.139957717,33,3300000,100000,33558924,335.589,0
1.173438557,34,3400000,100000,33480840,334.808,0
1.206908418,35,3500000,100000,33469861,334.699,0
1.240411716,36,3600000,100000,33503298,335.033,0
1.273883514,37,3700000,100000,33471798,334.718,0
1.307442283,38,3800000,100000,33558769,335.588,0
1.340923645,39,3900000,100000,33481362,334.814,0
1.374387079,40,4000000,100000,33463434,334.634,0
1.407934484,41,4100000,100000,33547405,335.474,0
1.441413806,42,4200000,100000,33479322,334.793,0
1.474878758,43,4300000,100000,33464952,334.650,0
1.508348625,44,4400000,100000,33469867,334.699,0
1.541917857,45,4500000,100000,33569232,335.692,0
1.575465087,46,4600000,100000,33547230,335.472,0
1.609024180,47,4700000,100000,33559093,335.591,0
1.642505566,48,4800000,100000,33481386,334.814,0
1.676159386,49,4900000,100000,33653820,336.538,0
1.709631251,50,5000000,100000,33471865,334.719,0
1.743111233,51,5100000,100000,33479982,334.800,0
1.776734045,52,5200000,100000,33622812,336.228,0
1.810310034,53,5300000,100000,33575989,335.760,0
1.843774164,54,5400000,100000,33464130,334.641,0
1.877351172,55,5500000,100000,33577008,335.770,0
1.910858089,56,5600000,100000,33506917,335.069,0
1.944337273,57,5700000,100000,33479184,334.792,0
1.977801007,58,5800000,100000,33463734,334.637,0
2.011286696,59,5900000,100000,33485689,334.857,0
2.044932350,60,6000000,100000,33645654,336.457,0
2.078399636,61,6100000,100000,33467286,334.673,0
2.112071793,62,6200000,100000,33672157,336.722,0
2.145631095,63,6300000,100000,33559302,335.593,0
2.179233687,64,6400000,100000,33602592,336.026,0
2.212709578,65,6500000,100000,33475891,334.759,0
2.246244700,66,6600000,100000,33535122,335.351,0
2.279724766,67,6700000,100000,33480066,334.801,0
2.313188999,68,6800000,100000,33464233,334.642,0
2.346658157,69,6900000,100000,33469158,334.692,0
2.380132409,70,7000000,100000,33474252,334.743,0
2.413786776,71,7100000,100000,33654367,336.544,0
2.447381004,72,7200000,100000,33594228,335.942,0
2.480881026,73,7300000,100000,33500022,335.000,0
2.514519811,74,7400000,100000,33638785,336.388,0
2.547991363,75,7500000,100000,33471552,334.716,0
2.581470487,76,7600000,100000,33479124,334.791,0
2.614935770,77,7700000,100000,33465283,334.653,0
2.648406104,78,7800000,100000,33470334,334.703,0
2.681983490,79,7900000,100000,33577386,335.774,0
2.715550215,80,8000000,100000,33566725,335.667,0
2.749108299,81,8100000,100000,33558084,335.581,0
2.782591353,82,8200000,100000,33483054,334.831,0
2.816104894,83,8300000,100000,33513541,335.135,0
2.849597248,84,8400000,100000,33492354,334.924,0
2.883068026,85,8500000,100000,33470778,334.708,0
2.916631007,86,8600000,100000,33562981,335.630,0
2.950223681,87,8700000,100000,33592674,335.927,0
2.983695935,88,8800000,100000,33472254,334.723,0
3.017173698,89,8900000,100000,33477763,334.778,0
3.050857656,90,9000000,100000,33683958,336.840,0
3.084330312,91,9100000,100000,33472656,334.727,0
3.117796087,92,9200000,100000,33465775,334.658,0
3.151470379,93,9300000,100000,33674292,336.743,0
3.184940959,94,9400000,100000,33470580,334.706,0
3.218497082,95,9500000,100000,33556123,335.561,0
3.252008864,96,9600000,100000,33511782,335.118,0
3.285572714,97,9700000,100000,33563850,335.639,0
3.319054611,98,9800000,100000,33481897,334.819,0
3.352611099,99,9900000,100000,33556488,335.565,0
3.386248065,100,10000000,100000,33636966,336.370,0
3.419728378,101,10100000,100000,33480313,334.803,0
3.453235324,102,10200000,100000,33506946,335.069,0
3.486705322,103,10300000,100000,33469998,334.700,0
3.520368941,104,10400000,100000,33663619,336.636,0
3.553840409,105,10500000,100000,33471468,334.715,0
3.587303219,106,10600000,100000,33462810,334.628,0
3.620879850,107,10700000,100000,33576631,335.766,0
3.654343842,108,10800000,100000,33463992,334.640,0
3.687910548,109,10900000,100000,33566706,335.667,0
3.721496365,110,11000000,100000,33585817,335.858,0
3.754961257,111,11100000,100000,33464892,334.649,0
3.788431627,112,11200000,100000,33470370,334.704,0
3.821905898,113,11300000,100000,33474271,334.743,0
3.855443438,114,11400000,100000,33537540,335.375,0
3.888916448,115,11500000,100000,33473010,334.730,0
3.922483863,116,11600000,100000,33567415,335.674,0
3.955948059,117,11700000,100000,33464196,334.642,0
3.989523513,118,11800000,100000,33575454,335.755,0
4.023093820,119,11900000,100000,33570307,335.703,0
4.056610954,120,12000000,100000,33517134,335.171,0
4.090092940,121,12100000,100000,33481986,334.820,0
4.123651997,122,12200000,100000,33559057,335.591,0
4.157123129,123,12300000,100000,33471132,334.711,0
4.190617199,124,12400000,100000,33494070,334.941,0
4.224239976,125,12500000,100000,33622777,336.228,0
4.257703044,126,12600000,100000,33463068,334.631,0
4.291183956,127,12700000,100000,33480912,334.809,0
4.324716871,128,12800000,100000,33532915,335.329,0
4.358215801,129,12900000,100000,33498930,334.989,0
4.391791711,130,13000000,100000,33575910,335.759,0
4.425322952,131,13100000,100000,33531241,335.312,0
4.458899510,132,13200000,100000,33576558,335.766,0
4.492402928,133,13300000,100000,33503418,335.034,0
4.525969077,134,13400000,100000,33566149,335.661,0
4.559638335,135,13500000,100000,33669258,336.693,0
4.593205947,136,13600000,100000,33567612,335.676,0
4.626760762,137,13700000,100000,33554815,335.548,0
4.660342318,138,13800000,100000,33581556,335.816,0
4.693813744,139,13900000,100000,33471426,334.714,0
4.727366861,140,14000000,100000,33553117,335.531,0
4.760848847,141,14100000,100000,33481986,334.820,0
4.794311789,142,14200000,100000,33462942,334.629,0
4.827878232,143,14300000,100000,33566443,335.664,0
4.861358076,144,14400000,100000,33479844,334.798,0
4.894822650,145,14500000,100000,33464574,334.646,0
4.928399983,146,14600000,100000,33577333,335.773,0
4.961959741,147,14700000,100000,33559758,335.598,0
4.995437017,148,14800000,100000,33477276,334.773,0
5.028911228,149,14900000,100000,33474211,334.742,0
5.062383254,150,15000000,100000,33472026,334.720,0
5.095975850,151,15100000,100000,33592596,335.926,0
5.129457435,152,15200000,100000,33481585,334.816,0
5.162926995,153,15300000,100000,33469560,334.696,0
5.196474297,154,15400000,100000,33547302,335.473,0
5.229975898,155,15500000,100000,33501601,335.016,0
5.263439584,156,15600000,100000,33463686,334.637,0
5.296911274,157,15700000,100000,33471690,334.717,0
5.330384417,158,15800000,100000,33473143,334.731,0
5.363950667,159,15900000,100000,33566250,335.663,0
5.397414095,160,16000000,100000,33463428,334.634,0
5.430895080,161,16100000,100000,33480985,334.810,0
5.464375200,162,16200000,100000,33480120,334.801,0
5.497945410,163,16300000,100000,33570210,335.702,0
5.531417557,164,16400000,100000,33472147,334.721,0
5.564939749,165,16500000,100000,33522192,335.222,0
5.598421339,166,16600000,100000,33481590,334.816,0
5.631926684,167,16700000,100000,33505345,335.053,0
5.665398308,168,16800000,100000,33471624,334.716,0
5.698992752,169,16900000,100000,33594444,335.944,0
5.732458071,170,17000000,100000,33465319,334.653,0
5.766104493,171,17100000,100000,33646422,336.464,0
5.799578517,172,17200000,100000,33474024,334.740,0
5.833143520,173,17300000,100000,33565003,335.650,0
5.866612066,174,17400000,100000,33468546,334.685,0
5.900192758,175,17500000,100000,33580692,335.807,0
5.933696159,176,17600000,100000,33503401,335.034,0
5.967173051,177,17700000,100000,33476892,334.769,0
6.000657005,178,17800000,100000,33483954,334.840,0
6.034281894,179,17900000,100000,33624889,336.249,0
6.067766646,180,18000000,100000,33484752,334.848,0
6.101232756,181,18100000,100000,33466110,334.661,0
6.134704753,182,18200000,100000,33471997,334.720,0
6.168298675,183,18300000,100000,33593922,335.939,0
6.201950899,184,18400000,100000,33652224,336.522,0
6.235414484,185,18500000,100000,33463585,334.636,0
6.268990958,186,18600000,100000,33576474,335.765,0
6.302460470,187,18700000,100000,33469512,334.695,0
6.336009057,188,18800000,100000,33548587,335.486,0
6.369595503,189,18900000,100000,33586446,335.864,0
6.403212957,190,19000000,100000,33617454,336.175,0
6.436721386,191,19100000,100000,33508429,335.084,0
6.470293696,192,19200000,100000,33572310,335.723,0
6.503860738,193,19300000,100000,33567042,335.670,0
6.537339863,194,19400000,100000,33479125,334.791,0
6.570898913,195,19500000,100000,33559050,335.591,0
6.604368839,196,19600000,100000,33469926,334.699,0
6.637851306,197,19700000,100000,33482467,334.825,0
6.671322294,198,19800000,100000,33470988,334.710,0
6.705029700,199,19900000,100000,33707406,337.074,0
6.738528919,200,20000000,100000,33499219,334.992,0
6.772072645,201,20100000,100000,33543726,335.437,0
6.805673635,202,20200000,100000,33600990,336.010,0
6.839153144,203,20300000,100000,33479509,334.795,0
6.872672978,204,20400000,100000,33519834,335.198,0
6.906142574,205,20500000,100000,33469596,334.696,0
6.939617931,206,20600000,100000,33475357,334.754,0
6.973241667,207,20700000,100000,33623736,336.237,0
7.006906191,208,20800000,100000,33664524,336.645,0
7.040412952,209,20900000,100000,33506761,335.068,0
7.073971234,210,21000000,100000,33558282,335.583,0
7.107452980,211,21100000,100000,33481746,334.817,0
7.140923585,212,21200000,100000,33470605,334.706,0
7.174482623,213,21300000,100000,33559038,335.590,0
7.207974743,214,21400000,100000,33492120,334.921,0
7.241445660,215,21500000,100000,33470917,334.709,0
7.274999100,216,21600000,100000,33553440,335.534,0
7.308567954,217,21700000,100000,33568854,335.689,0
7.342135867,218,21800000,100000,33567913,335.679,0
7.375685605,219,21900000,100000,33549738,335.497,0
7.409166895,220,22000000,100000,33481290,334.813,0
7.442636438,221,22100000,100000,33469543,334.695,0
7.476100964,222,22200000,100000,33464526,334.645,0
7.509677120,223,22300000,100000,33576156,335.762,0
7.543141395,224,22400000,100000,33464275,334.643,0
7.576622709,225,22500000,100000,33481314,334.813,0
7.610181063,226,22600000,100000,33558354,335.584,0
7.643651734,227,22700000,100000,33470671,334.707,0
7.677157300,228,22800000,100000,33505566,335.056,0
7.710757450,229,22900000,100000,33600150,336.002,0
7.744226855,230,23000000,100000,33469405,334.694,0
7.777700549,231,23100000,100000,33473694,334.737,0
7.811300561,232,23200000,100000,33600012,336.000,0
7.844763942,233,23300000,100000,33463381,334.634,0
7.878355722,234,23400000,100000,33591780,335.918,0
7.911818784,235,23500000,100000,33463062,334.631,0
7.945292551,236,23600000,100000,33473767,334.738,0
7.978867009,237,23700000,100000,33574458,335.745,0
8.012334709,238,23800000,100000,33467700,334.677,0
8.045897072,239,23900000,100000,33562363,335.624,0
8.079469214,240,24000000,100000,33572142,335.721,0
8.113068122,241,24100000,100000,33598908,335.989,0
8.146640289,242,24200000,100000,33572167,335.722,0
8.180114007,243,24300000,100000,33473718,334.737,0
8.213580573,244,24400000,100000,33466566,334.666,0
8.247159658,245,24500000,100000,33579085,335.791,0
8.280629938,246,24600000,100000,33470280,334.703,0
8.314192246,247,24700000,100000,33562308,335.623,0
8.347692329,248,24800000,100000,33500083,335.001,0
8.381251187,249,24900000,100000,33558858,335.589,0
8.414729261,250,25000000,100000,33478074,334.781,0
8.448202128,251,25100000,100000,33472867,334.729,0
8.481673224,252,25200000,100000,33471096,334.711,0
8.515136682,253,25300000,100000,33463458,334.635,0
8.548625335,254,25400000,100000,33488653,334.887,0
8.582095357,255,25500000,100000,33470022,334.700,0
8.615655157,256,25600000,100000,33559800,335.598,0
8.649135218,257,25700000,100000,33480061,334.801,0
8.682598424,258,25800000,100000,33463206,334.632,0
8.716080200,259,25900000,100000,33481776,334.818,0
8.749543623,260,26000000,100000,33463423,334.634,0
8.783083407,261,26100000,100000,33539784,335.398,0
8.816569101,262,26200000,100000,33485694,334.857,0
8.850074068,263,26300000,100000,33504967,335.050,0
8.883543358,264,26400000,100000,33469290,334.693,0
8.917018534,265,26500000,100000,33475176,334.752,0
8.950568813,266,26600000,100000,33550279,335.503,0
8.984043419,267,26700000,100000,33474606,334.746,0
9.017632145,268,26800000,100000,33588726,335.887,0
9.051244890,269,26900000,100000,33612745,336.127,0
9.084717018,270,27000000,100000,33472128,334.721,0
9.118293036,271,27100000,100000,33576018,335.760,0
9.151817089,272,27200000,100000,33524053,335.241,0
9.185286643,273,27300000,100000,33469554,334.696,0
9.218760937,274,27400000,100000,33474294,334.743,0
9.252231950,275,27500000,100000,33471013,334.710,0
9.285705230,276,27600000,100000,33473280,334.733,0
9.319272464,277,27700000,100000,33567234,335.672,0
9.352835355,278,27800000,100000,33562891,335.629,0
9.386378751,279,27900000,100000,33543396,335.434,0
9.419898405,280,28000000,100000,33519654,335.197,0
9.453418426,281,28100000,100000,33520021,335.200,0
9.486996898,282,28200000,100000,33578472,335.785,0
9.520463464,283,28300000,100000,33466566,334.666,0
9.554019251,284,28400000,100000,33555787,335.558,0
9.587492675,285,28500000,100000,33473424,334.734,0
9.621042335,286,28600000,100000,33549660,335.497,0
9.654596256,287,28700000,100000,33553921,335.539,0
9.688172844,288,28800000,100000,33576588,335.766,0
9.721713294,289,28900000,100000,33540450,335.404,0
9.755274193,290,29000000,100000,33560899,335.609,0
9.788755153,291,29100000,100000,33480960,334.810,0
9.822220705,292,29200000,100000,33465552,334.656,0
9.855701996,293,29300000,100000,33481291,334.813,0
9.889309754,294,29400000,100000,33607758,336.078,0
9.922824494,295,29500000,100000,33514740,335.147,0
9.956403393,296,29600000,100000,33578899,335.789,0
9.989913441,297,29700000,100000,33510048,335.100,0
10.023484815,298,29800000,100000,33571374,335.714,0
10.056977740,299,29900000,100000,33492925,334.929,0
10.090640278,300,30000000,100000,33662538,336.625,0
10.124103598,301,30100000,100000,33463320,334.633,0
10.157594081,302,30200000,100000,33490483,334.905,0
10.191057629,303,30300000,100000,33463548,334.635,0
10.224529169,304,30400000,100000,33471540,334.715,0
10.258008612,305,30500000,100000,33479443,334.794,0
10.291472790,306,30600000,100000,33464178,334.642,0
10.324942914,307,30700000,100000,33470124,334.701,0
10.358417401,308,30800000,100000,33474487,334.745,0
10.391889943,309,30900000,100000,33472542,334.725,0
10.425362971,310,31000000,100000,33473028,334.730,0
10.458835046,311,31100000,100000,33472075,334.721,0
10.492465448,312,31200000,100000,33630402,336.304,0
10.525969616,313,31300000,100000,33504168,335.042,0
10.559533863,314,31400000,100000,33564247,335.642,0
10.593223053,315,31500000,100000,33689190,336.892,0
10.626703473,316,31600000,100000,33480420,334.804,0
10.660339246,317,31700000,100000,33635773,336.358,0
10.693810036,318,31800000,100000,33470790,334.708,0
10.727378944,319,31900000,100000,33568908,335.689,0
10.760930171,320,32000000,100000,33551227,335.512,0
10.794394493,321,32100000,100000,33464322,334.643,0
10.827971333,322,32200000,100000,33576840,335.768,0
10.861440534,323,32300000,100000,33469201,334.692,0
10.894914492,324,32400000,100000,33473958,334.740,0
10.928423166,325,32500000,100000,33508674,335.087,0
10.961963593,326,32600000,100000,33540427,335.404,0
10.995475201,327,32700000,100000,33511608,335.116,0
11.029025275,328,32800000,100000,33550074,335.501,0
11.062498172,329,32900000,100000,33472897,334.729,0
11.096087840,330,33000000,100000,33589668,335.897,0
11.129600750,331,33100000,100000,33512910,335.129,0
11.163116619,332,33200000,100000,33515869,335.159,0
11.196590379,333,33300000,100000,33473760,334.738,0
11.230061619,334,33400000,100000,33471240,334.712,0
11.263612900,335,33500000,100000,33551281,335.513,0
11.297102044,336,33600000,100000,33489144,334.891,0
11.330624590,337,33700000,100000,33522546,335.225,0
11.364190751,338,33800000,100000,33566161,335.662,0
11.397860369,339,33900000,100000,33669618,336.696,0
11.431419575,340,34000000,100000,33559206,335.592,0
11.464900272,341,34100000,100000,33480697,334.807,0
11.498454078,342,34200000,100000,33553806,335.538,0
11.531925120,343,34300000,100000,33471042,334.710,0
11.565492757,344,34400000,100000,33567637,335.676,0
11.599059013,345,34500000,100000,33566256,335.663,0
11.632531801,346,34600000,100000,33472788,334.728,0
11.666016752,347,34700000,100000,33484951,334.850,0
11.699486912,348,34800000,100000,33470160,334.702,0
11.733036182,349,34900000,100000,33549270,335.493,0
11.766708147,350,35000000,100000,33671965,336.720,0
11.800171263,351,35100000,100000,33463116,334.631,0
11.833774683,352,35200000,100000,33603420,336.034,0
11.867346454,353,35300000,100000,33571771,335.718,0
11.900882398,354,35400000,100000,33535944,335.359,0
11.934362968,355,35500000,100000,33480570,334.806,0
11.967827087,356,35600000,100000,33464119,334.641,0
12.001329209,357,35700000,100000,33502122,335.021,0
12.034804613,358,35800000,100000,33475404,334.754,0
12.068366868,359,35900000,100000,33562255,335.623,0
12.101906376,360,36000000,100000,33539508,335.395,0
12.135483552,361,36100000,100000,33577176,335.772,0
12.169137205,362,36200000,100000,33653653,336.537,0
12.202749631,363,36300000,100000,33612426,336.124,0
12.236240107,364,36400000,100000,33490476,334.905,0
12.269777030,365,36500000,100000,33536923,335.369,0
12.303246578,366,36600000,100000,33469548,334.695,0
12.336815780,367,36700000,100000,33569202,335.692,0
12.370353915,368,36800000,100000,33538135,335.381,0
12.403817751,369,36900000,100000,33463836,334.638,0
12.437393577,370,37000000,100000,33575826,335.758,0
12.470857306,371,37100000,100000,33463729,334.637,0
12.504433780,372,37200000,100000,33576474,335.765,0
12.538008250,373,37300000,100000,33574470,335.745,0
12.571473179,374,37400000,100000,33464929,334.649,0
12.605049497,375,37500000,100000,33576318,335.763,0
12.638642993,376,37600000,100000,33593496,335.935,0
12.672161736,377,37700000,100000,33518743,335.187,0
12.705729780,378,37800000,100000,33568044,335.680,0
12.739296606,379,37900000,100000,33566826,335.668,0
12.772847863,380,38000000,100000,33551257,335.513,0
12.806329237,381,38100000,100000,33481374,334.814,0
12.839798863,382,38200000,100000,33469626,334.696,0
12.873263372,383,38300000,100000,33464509,334.645,0
12.906777368,384,38400000,100000,33513996,335.140,0
12.940242212,385,38500000,100000,33464844,334.648,0
12.973799871,386,38600000,100000,33557659,335.577,0
13.007398683,387,38700000,100000,33598812,335.988,0
13.040872293,388,38800000,100000,33473610,334.736,0
13.074352354,389,38900000,100000,33480061,334.801,0
13.107817450,390,39000000,100000,33465096,334.651,0
13.141287334,391,39100000,100000,33469884,334.699,0
13.174782215,392,39200000,100000,33494881,334.949,0
13.208254427,393,39300000,100000,33472212,334.722,0
13.241717939,394,39400000,100000,33463512,334.635,0
13.275199260,395,39500000,100000,33481321,334.813,0
13.308662952,396,39600000,100000,33463692,334.637,0
13.342274154,397,39700000,100000,33611202,336.112,0
13.375848835,398,39800000,100000,33574681,335.747,0
13.409339017,399,39900000,100000,33490182,334.902,0
13.442920225,400,40000000,100000,33581208,335.812,0
13.476480182,401,40100000,100000,33559957,335.600,0
13.509954458,402,40200000,100000,33474276,334.743,0
13.543538120,403,40300000,100000,33583662,335.837,0
13.577010435,404,40400000,100000,33472315,334.723,0
13.610612601,405,40500000,100000,33602166,336.022,0
13.644191931,406,40600000,100000,33579330,335.793,0
13.677662236,407,40700000,100000,33470305,334.703,0
13.711128994,408,40800000,100000,33466758,334.668,0
13.744800268,409,40900000,100000,33671274,336.713,0
13.778264549,410,41000000,100000,33464281,334.643,0
13.811746331,411,41100000,100000,33481782,334.818,0
13.845209219,412,41200000,100000,33462888,334.629,0
13.878680502,413,41300000,100000,33471283,334.713,0
13.912160550,414,41400000,100000,33480048,334.800,0
13.945626030,415,41500000,100000,33465480,334.655,0
13.979095891,416,41600000,100000,33469861,334.699,0
14.012587873,417,41700000,100000,33491982,334.920,0
14.046061933,418,41800000,100000,33474060,334.741,0
14.079621416,419,41900000,100000,33559483,335.595,0
14.113103522,420,42000000,100000,33482106,334.821,0
14.146566662,421,42100000,100000,33463140,334.631,0
14.180038107,422,42200000,100000,33471445,334.714,0
14.213517393,423,42300000,100000,33479286,334.793,0
14.246982387,424,42400000,100000,33464994,334.650,0
14.280555124,425,42500000,100000,33572737,335.727,0
14.314125910,426,42600000,100000,33570786,335.708,0
14.347597690,427,42700000,100000,33471780,334.718,0
14.381165519,428,42800000,100000,33567829,335.678,0
14.414642417,429,42900000,100000,33476898,334.769,0
14.448201905,430,43000000,100000,33559488,335.595,0
14.481683640,431,43100000,100000,33481735,334.817,0
14.515153038,432,43200000,100000,33469398,334.694,0
14.548617738,433,43300000,100000,33464700,334.647,0
14.582111017,434,43400000,100000,33493279,334.933,0
14.615574775,435,43500000,100000,33463758,334.638,0
14.649045901,436,43600000,100000,33471126,334.711,0
14.682614090,437,43700000,100000,33568189,335.682,0
14.716181054,438,43800000,100000,33566964,335.670,0
14.749730564,439,43900000,100000,33549510,335.495,0
14.783211231,440,44000000,100000,33480667,334.807,0
14.816781369,441,44100000,100000,33570138,335.701,0
14.850247461,442,44200000,100000,33466092,334.661,0
14.883733666,443,44300000,100000,33486205,334.862,0
14.917200898,444,44400000,100000,33467232,334.672,0
14.950750510,445,44500000,100000,33549612,335.496,0
14.984347463,446,44600000,100000,33596953,335.970,0
15.017823899,447,44700000,100000,33476436,334.764,0
15.051333449,448,44800000,100000,33509550,335.096,0
15.084927750,449,44900000,100000,33594301,335.943,0
15.118397526,450,45000000,100000,33469776,334.698,0
15.152069496,451,45100000,100000,33671970,336.720,0
15.185622469,452,45200000,100000,33552973,335.530,0
15.219311965,453,45300000,100000,33689496,336.895,0
15.252888913,454,45400000,100000,33576948,335.769,0
15.286447076,455,45500000,100000,33558163,335.582,0
15.319918790,456,45600000,100000,33471714,334.717,0
15.353398820,457,45700000,100000,33480030,334.800,0
15.386863059,458,45800000,100000,33464239,334.642,0
15.420344127,459,45900000,100000,33481068,334.811,0
15.453841557,460,46000000,100000,33497430,334.974,0
15.487312648,461,46100000,100000,33471091,334.711,0
15.520813762,462,46200000,100000,33501114,335.011,0
15.554285872,463,46300000,100000,33472110,334.721,0
15.587748611,464,46400000,100000,33462739,334.627,0
15.621229169,465,46500000,100000,33480558,334.806,0
15.654698813,466,46600000,100000,33469644,334.696,0
15.688239504,467,46700000,100000,33540691,335.407,0
15.721816062,468,46800000,100000,33576558,335.766,0
15.755374908,469,46900000,100000,33558846,335.588,0
15.788846407,470,47000000,100000,33471499,334.715,0
15.822319087,471,47100000,100000,33472680,334.727,0
15.855885901,472,47200000,100000,33566814,335.668,0
15.889443728,473,47300000,100000,33557827,335.578,0
15.922925972,474,47400000,100000,33482244,334.822,0
15.956456708,475,47500000,100000,33530736,335.307,0
15.989946291,476,47600000,100000,33489583,334.896,0
16.023469023,477,47700000,100000,33522732,335.227,0
16.056943629,478,47800000,100000,33474606,334.746,0
16.090432480,479,47900000,100000,33488851,334.889,0
16.123934578,480,48000000,100000,33502098,335.021,0
16.157407306,481,48100000,100000,33472728,334.727,0
16.191100571,482,48200000,100000,33693265,336.933,0
16.224705719,483,48300000,100000,33605148,336.051,0
16.258175345,484,48400000,100000,33469626,334.696,0
16.291664814,485,48500000,100000,33489469,334.895,0
16.325186742,486,48600000,100000,33521928,335.219,0
16.358745504,487,48700000,100000,33558762,335.588,0
16.392227017,488,48800000,100000,33481513,334.815,0
16.425691165,489,48900000,100000,33464148,334.641,0
16.459257859,490,49000000,100000,33566694,335.667,0
16.492927148,491,49100000,100000,33669289,336.693,0
16.526486366,492,49200000,100000,33559218,335.592,0
16.560093134,493,49300000,100000,33606768,336.068,0
16.593648759,494,49400000,100000,33555625,335.556,0
16.627120449,495,49500000,100000,33471690,334.717,0
16.660688727,496,49600000,100000,33568278,335.683,0
16.694160412,497,49700000,100000,33471685,334.717,0
16.727676076,498,49800000,100000,33515664,335.157,0
16.761271060,499,49900000,100000,33594984,335.950,0
16.794741083,500,50000000,100000,33470023,334.700,0
16.828287995,501,50100000,100000,33546912,335.469,0
16.861768151,502,50200000,100000,33480156,334.802,0
16.895286324,503,50300000,100000,33518173,335.182,0
16.928767854,504,50400000,100000,33481530,334.815,0
16.962417864,505,50500000,100000,33650010,336.500,0
16.995893389,506,50600000,100000,33475525,334.755,0
17.029356625,507,50700000,100000,33463236,334.632,0
17.062838863,508,50800000,100000,33482238,334.822,0
17.096308988,509,50900000,100000,33470125,334.701,0
17.129783324,510,51000000,100000,33474336,334.743,0
17.163254696,511,51100000,100000,33471372,334.714,0
17.196718053,512,51200000,100000,33463357,334.634,0
17.230199265,513,51300000,100000,33481212,334.812,0
17.263662729,514,51400000,100000,33463464,334.635,0
17.297208790,515,51500000,100000,33546061,335.461,0
17.330783056,516,51600000,100000,33574266,335.743,0
17.364247864,517,51700000,100000,33464808,334.648,0
17.397717353,518,51800000,100000,33469489,334.695,0
17.431191503,519,51900000,100000,33474150,334.741,0
17.464663151,520,52000000,100000,33471648,334.716,0
17.498169732,521,52100000,100000,33506581,335.066,0
17.531661222,522,52200000,100000,33491490,334.915,0
17.565124662,523,52300000,100000,33463440,334.634,0
17.598686569,524,52400000,100000,33561907,335.619,0
17.632165585,525,52500000,100000,33479016,334.790,0
17.665629703,526,52600000,100000,33464118,334.641,0
17.699099156,527,52700000,100000,33469453,334.695,0
17.732572292,528,52800000,100000,33473136,334.731,0
17.766043628,529,52900000,100000,33471336,334.713,0
17.799619173,530,53000000,100000,33575545,335.755,0
17.833188285,531,53100000,100000,33569112,335.691,0
17.866651413,532,53200000,100000,33463128,334.631,0
17.900133178,533,53300000,100000,33481765,334.818,0
17.933604304,534,53400000,100000,33471126,334.711,0
17.967069634,535,53500000,100000,33465330,334.653,0
18.000569279,536,53600000,100000,33499645,334.996,0
18.034033427,537,53700000,100000,33464148,334.641,0
18.067590275,538,53800000,100000,33556848,335.568,0
18.101158848,539,53900000,100000,33568573,335.686,0
18.134630520,540,54000000,100000,33471672,334.717,0
18.168093816,541,54100000,100000,33463296,334.633,0
18.201677827,542,54200000,100000,33584011,335.840,0
18.235277119,543,54300000,100000,33599292,335.993,0
18.268941565,544,54400000,100000,33664446,336.644,0
18.302506910,545,54500000,100000,33565345,335.653,0
18.336066296,546,54600000,100000,33559386,335.594,0
18.369643052,547,54700000,100000,33576756,335.768,0
18.403201761,548,54800000,100000,33558709,335.587,0
18.436820871,549,54900000,100000,33619110,336.191,0
18.470299509,550,55000000,100000,33478638,334.786,0
18.503859724,551,55100000,100000,33560215,335.602,0
18.537329278,552,55200000,100000,33469554,334.696,0
18.570993310,553,55300000,100000,33664032,336.640,0
18.604537595,554,55400000,100000,33544285,335.443,0
18.638001203,555,55500000,100000,33463608,334.636,0
18.671485265,556,55600000,100000,33484062,334.841,0
18.704961084,557,55700000,100000,33475819,334.758,0
18.738437304,558,55800000,100000,33476220,334.762,0
18.771953304,559,55900000,100000,33516000,335.160,0
18.805515217,560,56000000,100000,33561913,335.619,0
18.838999303,561,56100000,100000,33484086,334.841,0
18.872558611,562,56200000,100000,33559308,335.593,0
18.906033308,563,56300000,100000,33474697,334.747,0
18.939599714,564,56400000,100000,33566406,335.664,0
18.973071398,565,56500000,100000,33471684,334.717,0
19.006546221,566,56600000,100000,33474823,334.748,0
19.040022225,567,56700000,100000,33476004,334.760,0
19.073494275,568,56800000,100000,33472050,334.721,0
19.106957134,569,56900000,100000,33462859,334.629,0
19.140439078,570,57000000,100000,33481944,334.819,0
19.173966406,571,57100000,100000,33527328,335.273,0
19.207543283,572,57200000,100000,33576877,335.769,0
19.241107781,573,57300000,100000,33564498,335.645,0
19.274572193,574,57400000,100000,33464412,334.644,0
19.308148200,575,57500000,100000,33576007,335.760,0
19.341654168,576,57600000,100000,33505968,335.060,0
19.375125684,577,57700000,100000,33471516,334.715,0
19.408598977,578,57800000,100000,33473293,334.733,0
19.442120917,579,57900000,100000,33521940,335.219,0
19.475680255,580,58000000,100000,33559338,335.593,0
19.509269996,581,58100000,100000,33589741,335.897,0
19.542814424,582,58200000,100000,33544428,335.444,0
19.576382036,583,58300000,100000,33567612,335.676,0
19.609960971,584,58400000,100000,33578935,335.789,0
19.643586849,585,58500000,100000,33625878,336.259,0
19.677068571,586,58600000,100000,33481722,334.817,0
19.710531934,587,58700000,100000,33463363,334.634,0
19.744072576,588,58800000,100000,33540642,335.406,0
19.777552330,589,58900000,100000,33479754,334.798,0
19.811105495,590,59000000,100000,33553165,335.532,0
19.844574509,591,59100000,100000,33469014,334.690,0
19.878144569,592,59200000,100000,33570060,335.701,0
19.911653730,593,59300000,100000,33509161,335.092,0
19.945214502,594,59400000,100000,33560772,335.608,0
19.978791540,595,59500000,100000,33577038,335.770,0
20.012408653,596,59600000,100000,33617113,336.171,0
20.045970835,597,59700000,100000,33562182,335.622,0
20.079451339,598,59800000,100000,33480504,334.805,0
20.112975122,599,59900000,100000,33523783,335.238,0
20.146444622,600,60000000,100000,33469500,334.695,0
20.180014124,601,60100000,100000,33569502,335.695,0
20.213486283,602,60200000,100000,33472159,334.722,0
20.246959839,603,60300000,100000,33473556,334.736,0
20.280432243,604,60400000,100000,33472404,334.724,0
20.313896098,605,60500000,100000,33463855,334.639,0
20.347404034,606,60600000,100000,33507936,335.079,0
20.380873600,607,60700000,100000,33469566,334.696,0
20.414412077,608,60800000,100000,33538477,335.385,0
20.447997641,609,60900000,100000,33585564,335.856,0
20.481556763,610,61000000,100000,33559122,335.591,0
20.515110948,611,61100000,100000,33554185,335.542,0
20.548584054,612,61200000,100000,33473106,334.731,0
20.582205042,613,61300000,100000,33620988,336.210,0
20.615763463,614,61400000,100000,33558421,335.584,0
20.649243907,615,61500000,100000,33480444,334.804,0
20.682809395,616,61600000,100000,33565488,335.655,0
20.716274480,617,61700000,100000,33465085,334.651,0
20.749755896,618,61800000,100000,33481416,334.814,0
20.783219726,619,61900000,100000,33463830,334.638,0
20.816796663,620,62000000,100000,33576937,335.769,0
20.850355131,621,62100000,100000,33558468,335.585,0
20.883826491,622,62200000,100000,33471360,334.714,0
20.917307578,623,62300000,100000,33481087,334.811,0
20.950839754,624,62400000,100000,33532176,335.322,0
20.984459914,625,62500000,100000,33620160,336.202,0
21.017933849,626,62600000,100000,33473935,334.739,0
21.051455237,627,62700000,100000,33521388,335.214,0
21.084918941,628,62800000,100000,33463704,334.637,0
21.118401492,629,62900000,100000,33482551,334.826,0
21.151993980,630,63000000,100000,33592488,335.925,0
21.185560356,631,63100000,100000,33566376,335.664,0
21.219039931,632,63200000,100000,33479575,334.796,0
21.252661417,633,63300000,100000,33621486,336.215,0
21.286142365,634,63400000,100000,33480948,334.809,0
21.319614320,635,63500000,100000,33471955,334.720,0
21.353087990,636,63600000,100000,33473670,334.737,0
21.386561174,637,63700000,100000,33473184,334.732,0
21.420258789,638,63800000,100000,33697615,336.976,0
21.453817761,639,63900000,100000,33558972,335.590,0
21.487393929,640,64000000,100000,33576168,335.762,0
21.520945354,641,64100000,100000,33551425,335.514,0
21.554409856,642,64200000,100000,33464502,334.645,0
21.587909758,643,64300000,100000,33499902,334.999,0
21.621373073,644,64400000,100000,33463315,334.633,0
21.654844067,645,64500000,100000,33470994,334.710,0
21.688412255,646,64600000,100000,33568188,335.682,0
21.721942092,647,64700000,100000,33529837,335.298,0
21.755442126,648,64800000,100000,33500034,335.000,0
21.789018480,649,64900000,100000,33576354,335.764,0
21.822486547,650,65000000,100000,33468067,334.681,0
21.855965473,651,65100000,100000,33478926,334.789,0
21.889472905,652,65200000,100000,33507432,335.074,0
21.923032754,653,65300000,100000,33559849,335.598,0
21.956540630,654,65400000,100000,33507876,335.079,0
21.990005516,655,65500000,100000,33464886,334.649,0
22.023478851,656,65600000,100000,33473335,334.733,0
22.056961263,657,65700000,100000,33482412,334.824,0
22.090425735,658,65800000,100000,33464472,334.645,0
22.123895356,659,65900000,100000,33469621,334.696,0
22.157370616,660,66000000,100000,33475260,334.753,0
22.190852548,661,66100000,100000,33481932,334.819,0
22.224317165,662,66200000,100000,33464617,334.646,0
22.257893717,663,66300000,100000,33576552,335.766,0
22.291413263,664,66400000,100000,33519546,335.195,0
22.324923966,665,66500000,100000,33510703,335.107,0
22.358498742,666,66600000,100000,33574776,335.748,0
22.391963400,667,66700000,100000,33464658,334.647,0
22.425539539,668,66800000,100000,33576139,335.761,0
22.459003417,669,66900000,100000,33463878,334.639,0
22.492474453,670,67000000,100000,33471036,334.710,0
22.525947236,671,67100000,100000,33472783,334.728,0
22.559508530,672,67200000,100000,33561294,335.613,0
22.593044672,673,67300000,100000,33536142,335.361,0
22.626526215,674,67400000,100000,33481543,334.815,0
22.660079871,675,67500000,100000,33553656,335.537,0
22.693623639,676,67600000,100000,33543768,335.438,0
22.727103916,677,67700000,100000,33480277,334.803,0
22.760662684,678,67800000,100000,33558768,335.588,0
22.794134194,679,67900000,100000,33471510,334.715,0
22.827702413,680,68000000,100000,33568219,335.682,0
22.861174043,681,68100000,100000,33471630,334.716,0
22.894637537,682,68200000,100000,33463494,334.635,0
22.928214552,683,68300000,100000,33577015,335.770,0
22.961759682,684,68400000,100000,33545130,335.451,0
22.995235944,685,68500000,100000,33476262,334.763,0
23.028708037,686,68600000,100000,33472093,334.721,0
23.062266985,687,68700000,100000,33558948,335.589,0
23.095759195,688,68800000,100000,33492210,334.922,0
23.129317802,689,68900000,100000,33558607,335.586,0
23.162790524,690,69000000,100000,33472722,334.727,0
23.196365120,691,69100000,100000,33574596,335.746,0
23.229829893,692,69200000,100000,33464773,334.648,0
23.263299465,693,69300000,100000,33469572,334.696,0
23.296773729,694,69400000,100000,33474264,334.743,0
23.330245588,695,69500000,100000,33471859,334.719,0
23.363708734,696,69600000,100000,33463146,334.631,0
23.397189934,697,69700000,100000,33481200,334.812,0
23.430748565,698,69800000,100000,33558631,335.586,0
23.464310207,699,69900000,100000,33561642,335.616,0
23.497980239,700,70000000,100000,33670032,336.700,0
23.531444340,701,70100000,100000,33464101,334.641,0
23.565020754,702,70200000,100000,33576414,335.764,0
23.598579762,703,70300000,100000,33559008,335.590,0
23.632121017,704,70400000,100000,33541255,335.413,0
23.665688401,705,70500000,100000,33567384,335.674,0
23.699159545,706,70600000,100000,33471144,334.711,0
23.732677160,707,70700000,100000,33517615,335.176,0
23.766252692,708,70800000,100000,33575532,335.755,0
23.799817550,709,70900000,100000,33564858,335.649,0
23.833460013,710,71000000,100000,33642463,336.425,0
23.867035857,711,71100000,100000,33575844,335.758,0
23.900626377,712,71200000,100000,33590520,335.905,0
23.934103708,713,71300000,100000,33477331,334.773,0
23.967609538,714,71400000,100000,33505830,335.058,0
24.001085938,715,71500000,100000,33476400,334.764,0
24.034567607,716,71600000,100000,33481669,334.817,0
24.068130845,717,71700000,100000,33563238,335.632,0
24.101663531,718,71800000,100000,33532686,335.327,0
24.135233286,719,71900000,100000,33569755,335.698,0
24.168802512,720,72000000,100000,33569226,335.692,0
24.202268328,721,72100000,100000,33465816,334.658,0
24.235750219,722,72200000,100000,33481891,334.819,0
24.269216227,723,72300000,100000,33466008,334.660,0
24.302688553,724,72400000,100000,33472326,334.723,0
24.336168200,725,72500000,100000,33479647,334.796,0
24.369727928,726,72600000,100000,33559728,335.597,0
24.403296824,727,72700000,100000,33568896,335.689,0
24.436770843,728,72800000,100000,33474019,334.740,0
24.470244591,729,72900000,100000,33473748,334.737,0
24.503799591,730,73000000,100000,33555000,335.550,0
24.537283228,731,73100000,100000,33483637,334.836,0
24.570875932,732,73200000,100000,33592704,335.927,0
24.604357474,733,73300000,100000,33481542,334.815,0
24.637827299,734,73400000,100000,33469825,334.698,0
24.671291777,735,73500000,100000,33464478,334.645,0
24.704777891,736,73600000,100000,33486114,334.861,0
24.738241596,737,73700000,100000,33463705,334.637,0
24.771807942,738,73800000,100000,33566346,335.663,0
24.805281036,739,73900000,100000,33473094,334.731,0
24.838762669,740,74000000,100000,33481633,334.816,0
24.872226895,741,74100000,100000,33464226,334.642,0
24.905804743,742,74200000,100000,33577848,335.778,0
24.939335774,743,74300000,100000,33531031,335.310,0
24.972809798,744,74400000,100000,33474024,334.740,0
25.006389170,745,74500000,100000,33579372,335.794,0
25.039855689,746,74600000,100000,33466519,334.665,0
25.073329083,747,74700000,100000,33473394,334.734,0
25.106805129,748,74800000,100000,33476046,334.760,0
25.140347176,749,74900000,100000,33542047,335.420,0
25.174019062,750,75000000,100000,33671886,336.719,0
25.207614574,751,75100000,100000,33595512,335.955,0
25.241086937,752,75200000,100000,33472363,334.724,0
25.274562317,753,75300000,100000,33475380,334.754,0
25.308033953,754,75400000,100000,33471636,334.716,0
25.341497448,755,75500000,100000,33463495,334.635,0
25.374978846,756,75600000,100000,33481398,334.814,0
25.408486668,757,75700000,100000,33507822,335.078,0
25.442104081,758,75800000,100000,33617413,336.174,0
25.475583685,759,75900000,100000,33479604,334.796,0
25.509143083,760,76000000,100000,33559398,335.594,0
25.542612554,761,76100000,100000,33469471,334.695,0
25.576087340,762,76200000,100000,33474786,334.748,0
25.609558934,763,76300000,100000,33471594,334.716,0
25.643023383,764,76400000,100000,33464449,334.644,0
25.676505351,765,76500000,100000,33481968,334.820,0
25.709977611,766,76600000,100000,33472260,334.723,0
25.743590680,767,76700000,100000,33613069,336.131,0
25.777061068,768,76800000,100000,33470388,334.704,0
25.810592776,769,76900000,100000,33531708,335.317,0
25.844073239,770,77000000,100000,33480463,334.805,0
25.877536943,771,77100000,100000,33463704,334.637,0
25.911176873,772,77200000,100000,33639930,336.399,0
25.944745710,773,77300000,100000,33568837,335.688,0
25.978240416,774,77400000,100000,33494706,334.947,0
26.011887144,775,77500000,100000,33646728,336.467,0
26.045468191,776,77600000,100000,33581047,335.810,0
26.079014491,777,77700000,100000,33546300,335.463,0
26.112479263,778,77800000,100000,33464772,334.648,0
26.145960164,779,77900000,100000,33480901,334.809,0
26.179577702,780,78000000,100000,33617538,336.175,0
26.213142092,781,78100000,100000,33564390,335.644,0
26.246616813,782,78200000,100000,33474721,334.747,0
26.280153861,783,78300000,100000,33537048,335.370,0
26.313633195,784,78400000,100000,33479334,334.793,0
26.347648624,785,78500000,100000,34015429,340.154,0
26.381147500,786,78600000,100000,33498876,334.989,0
26.414728870,787,78700000,100000,33581370,335.814,0
26.448304127,788,78800000,100000,33575257,335.753,0
26.481863567,789,78900000,100000,33559440,335.594,0
26.515344737,790,79000000,100000,33481170,334.812,0
26.548813164,791,79100000,100000,33468427,334.684,0
26.582286084,792,79200000,100000,33472920,334.729,0
26.615900826,793,79300000,100000,33614742,336.147,0
26.649366187,794,79400000,100000,33465361,334.654,0
26.682836155,795,79500000,100000,33469968,334.700,0
26.716500229,796,79600000,100000,33664074,336.641,0
26.749972376,797,79700000,100000,33472147,334.721,0
26.783473688,798,79800000,100000,33501312,335.013,0
26.816945096,799,79900000,100000,33471408,334.714,0
26.850407799,800,80000000,100000,33462703,334.627,0
26.883984165,801,80100000,100000,33576366,335.764,0
26.917540491,802,80200000,100000,33556326,335.563,0
26.951109646,803,80300000,100000,33569155,335.692,0
26.984596666,804,80400000,100000,33487020,334.870,0
27.018113422,805,80500000,100000,33516756,335.168,0
27.051631799,806,80600000,100000,33518377,335.184,0
27.085295675,807,80700000,100000,33663876,336.639,0
27.118767527,808,80800000,100000,33471852,334.719,0
27.152230890,809,80900000,100000,33463363,334.634,0
27.185807568,810,81000000,100000,33576678,335.767,0
27.219276960,811,81100000,100000,33469392,334.694,0
27.252845635,812,81200000,100000,33568675,335.687,0
27.286317157,813,81300000,100000,33471522,334.715,0
27.319876051,814,81400000,100000,33558894,335.589,0
27.353384480,815,81500000,100000,33508429,335.084,0
27.386847938,816,81600000,100000,33463458,334.635,0
27.420414650,817,81700000,100000,33566712,335.667,0
27.453894477,818,81800000,100000,33479827,334.798,0
27.487448655,819,81900000,100000,33554178,335.542,0
27.520920069,820,82000000,100000,33471414,334.714,0
27.554428660,821,82100000,100000,33508591,335.086,0
27.588071950,822,82200000,100000,33643290,336.433,0
27.621630982,823,82300000,100000,33559032,335.590,0
27.655113545,824,82400000,100000,33482563,334.826,0
27.688577225,825,82500000,100000,33463680,334.637,0
27.722237381,826,82600000,100000,33660156,336.602,0
27.755813436,827,82700000,100000,33576055,335.761,0
27.789281526,828,82800000,100000,33468090,334.681,0
27.822763254,829,82900000,100000,33481728,334.817,0
27.856322419,830,83000000,100000,33559165,335.592,0
27.889793515,831,83100000,100000,33471096,334.711,0
27.923267905,832,83200000,100000,33474390,334.744,0
27.956835050,833,83300000,100000,33567145,335.671,0
27.990298838,834,83400000,100000,33463788,334.638,0
28.023781502,835,83500000,100000,33482664,334.827,0
28.057397607,836,83600000,100000,33616105,336.161,0
28.090957953,837,83700000,100000,33560346,335.603,0
28.124439045,838,83800000,100000,33481092,334.811,0
28.157903320,839,83900000,100000,33464275,334.643,0
28.191374710,840,84000000,100000,33471390,334.714,0
28.224848290,841,84100000,100000,33473580,334.736,0
28.258415285,842,84200000,100000,33566995,335.670,0
28.291878311,843,84300000,100000,33463026,334.630,0
28.325360381,844,84400000,100000,33482070,334.821,0
28.358904984,845,84500000,100000,33544603,335.446,0
28.392474930,846,84600000,100000,33569946,335.699,0
28.425946578,847,84700000,100000,33471648,334.716,0
28.459410451,848,84800000,100000,33463873,334.639,0
28.492891987,849,84900000,100000,33481536,334.815,0
28.526397157,850,85000000,100000,33505170,335.052,0
28.559868326,851,85100000,100000,33471169,334.712,0
28.593347024,852,85200000,100000,33478698,334.787,0
28.626858590,853,85300000,100000,33511566,335.116,0
28.660327605,854,85400000,100000,33469015,334.690,0
28.693896537,855,85500000,100000,33568932,335.689,0
28.727462985,856,85600000,100000,33566448,335.664,0
28.760926414,857,85700000,100000,33463429,334.634,0
28.794501874,858,85800000,100000,33575460,335.755,0
28.827965248,859,85900000,100000,33463374,334.634,0
28.861436825,860,86000000,100000,33471577,334.716,0
28.895015693,861,86100000,100000,33578868,335.789,0
28.928576417,862,86200000,100000,33560724,335.607,0
28.962252240,863,86300000,100000,33675823,336.758,0
28.995718584,864,86400000,100000,33466344,334.663,0
29.029288986,865,86500000,100000,33570402,335.704,0
29.062762585,866,86600000,100000,33473599,334.736,0
29.096233957,867,86700000,100000,33471372,334.714,0
29.129697037,868,86800000,100000,33463080,334.631,0
29.163273020,869,86900000,100000,33575983,335.760,0
29.196838808,870,87000000,100000,33565788,335.658,0
29.230339340,871,87100000,100000,33500532,335.005,0
29.263921347,872,87200000,100000,33582007,335.820,0
29.297385339,873,87300000,100000,33463992,334.640,0
29.330860149,874,87400000,100000,33474810,334.748,0
29.364526492,875,87500000,100000,33666343,336.663,0
29.398060948,876,87600000,100000,33534456,335.345,0
29.431638094,877,87700000,100000,33577146,335.771,0
29.465330309,878,87800000,100000,33692215,336.922,0
29.498869193,879,87900000,100000,33538884,335.389,0
29.532534611,880,88000000,100000,33665418,336.654,0
29.566009818,881,88100000,100000,33475207,334.752,0
29.599553694,882,88200000,100000,33543876,335.439,0
29.633035788,883,88300000,100000,33482094,334.821,0
29.666628145,884,88400000,100000,33592357,335.924,0
29.700099871,885,88500000,100000,33471726,334.717,0
29.733578515,886,88600000,100000,33478644,334.786,0
29.767098638,887,88700000,100000,33520123,335.201,0
29.800663958,888,88800000,100000,33565320,335.653,0
29.834137688,889,88900000,100000,33473730,334.737,0
29.867669853,890,89000000,100000,33532165,335.322,0
29.901133743,891,89100000,100000,33463890,334.639,0
29.934616947,892,89200000,100000,33483204,334.832,0
29.968242664,893,89300000,100000,33625717,336.257,0
30.001758574,894,89400000,100000,33515910,335.159,0
30.035362210,895,89500000,100000,33603636,336.036,0
30.068827589,896,89600000,100000,33465379,334.654,0
30.102331583,897,89700000,100000,33503994,335.040,0
30.135807917,898,89800000,100000,33476334,334.763,0
30.169282620,899,89900000,100000,33474703,334.747,0
30.202851162,900,90000000,100000,33568542,335.685,0
30.236323206,901,90100000,100000,33472044,334.720,0
30.269966845,902,90200000,100000,33643639,336.436,0
30.303543067,903,90300000,100000,33576222,335.762,0
30.337012759,904,90400000,100000,33469692,334.697,0
30.370568612,905,90500000,100000,33555853,335.559,0
30.404147966,906,90600000,100000,33579354,335.794,0
30.437611490,907,90700000,100000,33463524,334.635,0
30.471093171,908,90800000,100000,33481681,334.817,0
30.504556317,909,90900000,100000,33463146,334.631,0
30.538096557,910,91000000,100000,33540240,335.402,0
30.571575856,911,91100000,100000,33479299,334.793,0
30.605128408,912,91200000,100000,33552552,335.526,0
30.638597698,913,91300000,100000,33469290,334.693,0
30.672166739,914,91400000,100000,33569041,335.690,0
30.705638219,915,91500000,100000,33471480,334.715,0
30.739102661,916,91600000,100000,33464442,334.644,0
30.772583448,917,91700000,100000,33480787,334.808,0
30.806097534,918,91800000,100000,33514086,335.141,0
30.839664456,919,91900000,100000,33566922,335.669,0
30.873143647,920,92000000,100000,33479191,334.792,0
30.906665413,921,92100000,100000,33521766,335.218,0
30.940202305,922,92200000,100000,33536892,335.369,0
30.973782626,923,92300000,100000,33580321,335.803,0
31.007264294,924,92400000,100000,33481668,334.817,0
31.040833130,925,92500000,100000,33568836,335.688,0
31.074305295,926,92600000,100000,33472165,334.722,0
31.107769389,927,92700000,100000,33464094,334.641,0
31.141259301,928,92800000,100000,33489912,334.899,0
31.174729264,929,92900000,100000,33469963,334.700,0
31.208343826,930,93000000,100000,33614562,336.146,0
31.241824690,931,93100000,100000,33480864,334.809,0
31.275431201,932,93200000,100000,33606511,336.065,0
31.308949703,933,93300000,100000,33518502,335.185,0
31.342532465,934,93400000,100000,33582762,335.828,0
31.376003706,935,93500000,100000,33471241,334.712,0
31.409467464,936,93600000,100000,33463758,334.638,0
31.443053460,937,93700000,100000,33585996,335.860,0
31.476522865,938,93800000,100000,33469405,334.694,0
31.510175881,939,93900000,100000,33653016,336.530,0
31.543752157,940,94000000,100000,33576276,335.763,0
31.577216072,941,94100000,100000,33463915,334.639,0
31.610697656,942,94200000,100000,33481584,334.816,0
31.644252302,943,94300000,100000,33554646,335.546,0
31.677723567,944,94400000,100000,33471265,334.713,0
31.711297929,945,94500000,100000,33574362,335.744,0
31.744762611,946,94600000,100000,33464682,334.647,0
31.778232202,947,94700000,100000,33469591,334.696,0
31.811706682,948,94800000,100000,33474480,334.745,0
31.845178174,949,94900000,100000,33471492,334.715,0
31.878730907,950,95000000,100000,33552733,335.527,0
31.912310687,951,95100000,100000,33579780,335.798,0
31.945869857,952,95200000,100000,33559170,335.592,0
31.979436240,953,95300000,100000,33566383,335.664,0
32.012921520,954,95400000,100000,33485280,334.853,0
32.046389868,955,95500000,100000,33468348,334.683,0
32.079954343,956,95600000,100000,33564475,335.645,0
32.113428601,957,95700000,100000,33474258,334.743,0
32.146995445,958,95800000,100000,33566844,335.668,0
32.180564018,959,95900000,100000,33568573,335.686,0
32.214131012,960,96000000,100000,33566994,335.670,0
32.247594542,961,96100000,100000,33463530,334.635,0
32.281170903,962,96200000,100000,33576361,335.764,0
32.314686003,963,96300000,100000,33515100,335.151,0
32.348150601,964,96400000,100000,33464598,334.646,0
32.381727520,965,96500000,100000,33576919,335.769,0
32.415286726,966,96600000,100000,33559206,335.592,0
32.448801634,967,96700000,100000,33514908,335.149,0
32.482370345,968,96800000,100000,33568711,335.687,0
32.516008439,969,96900000,100000,33638094,336.381,0
32.549507387,970,97000000,100000,33498948,334.989,0
32.583086604,971,97100000,100000,33579217,335.792,0
32.616619746,972,97200000,100000,33533142,335.331,0
32.650188684,973,97300000,100000,33568938,335.689,0
32.683660093,974,97400000,100000,33471409,334.714,0
32.717122927,975,97500000,100000,33462834,334.628,0
32.750615227,976,97600000,100000,33492300,334.923,0
32.784174356,977,97700000,100000,33559129,335.591,0
32.817647054,978,97800000,100000,33472698,334.727,0
32.851240040,979,97900000,100000,33592986,335.930,0
32.884704189,980,98000000,100000,33464149,334.641,0
32.918270499,981,98100000,100000,33566310,335.663,0
32.951930559,982,98200000,100000,33660060,336.601,0
32.985406222,983,98300000,100000,33475663,334.757,0
33.018873340,984,98400000,100000,33467118,334.671,0
33.052451350,985,98500000,100000,33578010,335.780,0
33.086009483,986,98600000,100000,33558133,335.581,0
33.119679905,987,98700000,100000,33670422,336.704,0
33.153149639,988,98800000,100000,33469734,334.697,0
33.186683142,989,98900000,100000,33533503,335.335,0
33.220259592,990,99000000,100000,33576450,335.764,0
33.253765392,991,99100000,100000,33505800,335.058,0
33.287236921,992,99200000,100000,33471529,334.715,0
33.320805319,993,99300000,100000,33568398,335.684,0
33.354277921,994,99400000,100000,33472602,334.726,0
33.387741338,995,99500000,100000,33463417,334.634,0
33.421223054,996,99600000,100000,33481716,334.817,0
33.454692506,997,99700000,100000,33469452,334.695,0
33.488296227,998,99800000,100000,33603721,336.037,0
33.521786289,999,99900000,100000,33490062,334.901,0
33.555321195,1000,100000000,100000,33534906,335.349,0
33.588829792,1001,100100000,100000,33508597,335.086,0
33.622302928,1002,100200000,100000,33473136,334.731,0
33.655848376,1003,100300000,100000,33545448,335.454,0
33.689423861,1004,100400000,100000,33575485,335.755,0
33.722888645,1005,100500000,100000,33464784,334.648,0
33.756453209,1006,100600000,100000,33564564,335.646,0
33.789927384,1007,100700000,100000,33474175,334.742,0
33.823528476,1008,100800000,100000,33601092,336.011,0
33.856992294,1009,100900000,100000,33463818,334.638,0
33.890505313,1010,101000000,100000,33513019,335.130,0
33.923974513,1011,101100000,100000,33469200,334.692,0
33.957447925,1012,101200000,100000,33473412,334.734,0
33.991027052,1013,101300000,100000,33579127,335.791,0
34.024492490,1014,101400000,100000,33465438,334.654,0
34.057965224,1015,101500000,100000,33472734,334.727,0
34.091439789,1016,101600000,100000,33474565,334.746,0
34.124911413,1017,101700000,100000,33471624,334.716,0
34.158470505,1018,101800000,100000,33559092,335.591,0
34.191956146,1019,101900000,100000,33485641,334.856,0
34.225481824,1020,102000000,100000,33525678,335.257,0
34.259057482,1021,102100000,100000,33575658,335.757,0
34.292562473,1022,102200000,100000,33504991,335.050,0
34.326026675,1023,102300000,100000,33464202,334.642,0
34.359514067,1024,102400000,100000,33487392,334.874,0
34.392977628,1025,102500000,100000,33463561,334.636,0
34.426505226,1026,102600000,100000,33527598,335.276,0
34.460073084,1027,102700000,100000,33567858,335.679,0
34.493717701,1028,102800000,100000,33644617,336.446,0
34.527184099,1029,102900000,100000,33466398,334.664,0
34.560723961,1030,103000000,100000,33539862,335.399,0
34.594198502,1031,103100000,100000,33474541,334.745,0
34.627665692,1032,103200000,100000,33467190,334.672,0
34.661243810,1033,103300000,100000,33578118,335.781,0
34.694710665,1034,103400000,100000,33466855,334.669,0
34.728183993,1035,103500000,100000,33473328,334.733,0
34.761657537,1036,103600000,100000,33473544,334.735,0
34.795132042,1037,103700000,100000,33474505,334.745,0
34.828614394,1038,103800000,100000,33482352,334.824,0
34.862114428,1039,103900000,100000,33500034,335.000,0
34.895586845,1040,104000000,100000,33472417,334.724,0
34.929134543,1041,104100000,100000,33547698,335.477,0
34.962712439,1042,104200000,100000,33577896,335.779,0
34.996275678,1043,104300000,100000,33563239,335.632,0
35.029758264,1044,104400000,100000,33482586,334.826,0
35.063221308,1045,104500000,100000,33463044,334.630,0
35.096787979,1046,104600000,100000,33566671,335.667,0
35.130267607,1047,104700000,100000,33479628,334.796,0
35.163732211,1048,104800000,100000,33464604,334.646,0
35.197383434,1049,104900000,100000,33651223,336.512,0
35.230952774,1050,105000000,100000,33569340,335.693,0
35.264427404,1051,105100000,100000,33474630,334.746,0
35.297983731,1052,105200000,100000,33556327,335.563,0
35.331476775,1053,105300000,100000,33493044,334.930,0
35.365006071,1054,105400000,100000,33529296,335.293,0
35.398582708,1055,105500000,100000,33576637,335.766,0
35.432052448,1056,105600000,100000,33469740,334.697,0
35.465516836,1057,105700000,100000,33464388,334.644,0
35.499092771,1058,105800000,100000,33575935,335.759,0
35.532651647,1059,105900000,100000,33558876,335.589,0
35.566218095,1060,106000000,100000,33566448,335.664,0
35.599898484,1061,106100000,100000,33680389,336.804,0
35.633465526,1062,106200000,100000,33567042,335.670,0
35.666928420,1063,106300000,100000,33462894,334.629,0
35.700410191,1064,106400000,100000,33481771,334.818,0
35.733880639,1065,106500000,100000,33470448,334.704,0
35.767345237,1066,106600000,100000,33464598,334.646,0
35.800826360,1067,106700000,100000,33481123,334.811,0
35.834289362,1068,106800000,100000,33463002,334.630,0
35.867760230,1069,106900000,100000,33470868,334.709,0
35.901267963,1070,107000000,100000,33507733,335.077,0
35.934836733,1071,107100000,100000,33568770,335.688,0
35.968348647,1072,107200000,100000,33511914,335.119,0
36.001915096,1073,107300000,100000,33566449,335.664,0
36.035387020,1074,107400000,100000,33471924,334.719,0
36.068959918,1075,107500000,100000,33572898,335.729,0
36.102529259,1076,107600000,100000,33569341,335.693,0
36.136072175,1077,107700000,100000,33542916,335.429,0
36.169565957,1078,107800000,100000,33493782,334.938,0
36.203202594,1079,107900000,100000,33636637,336.366,0
36.236804778,1080,108000000,100000,33602184,336.022,0
36.270284592,1081,108100000,100000,33479814,334.798,0
36.303748915,1082,108200000,100000,33464323,334.643,0
36.337313563,1083,108300000,100000,33564648,335.646,0
36.370789753,1084,108400000,100000,33476190,334.762,0
36.404261570,1085,108500000,100000,33471817,334.718,0
36.437830286,1086,108600000,100000,33568716,335.687,0
36.471396968,1087,108700000,100000,33566682,335.667,0
36.504955473,1088,108800000,100000,33558505,335.585,0
36.538435803,1089,108900000,100000,33480330,334.803,0
36.572000037,1090,109000000,100000,33564234,335.642,0
36.605558800,1091,109100000,100000,33558763,335.588,0
36.639039484,1092,109200000,100000,33480684,334.807,0
36.672503206,1093,109300000,100000,33463722,334.637,0
36.706069181,1094,109400000,100000,33565975,335.660,0
36.739542047,1095,109500000,100000,33472866,334.729,0
36.773013851,1096,109600000,100000,33471804,334.718,0
36.806476830,1097,109700000,100000,33462979,334.630,0
36.840052524,1098,109800000,100000,33575694,335.757,0
36.873522648,1099,109900000,100000,33470124,334.701,0
36.907213609,1100,110000000,100000,33690961,336.910,0
36.940768879,1101,110100000,100000,33555270,335.553,0
36.974404375,1102,110200000,100000,33635496,336.355,0
37.007889194,1103,110300000,100000,33484819,334.848,0
37.041441980,1104,110400000,100000,33552786,335.528,0
37.074914972,1105,110500000,100000,33472992,334.730,0
37.108395111,1106,110600000,100000,33480139,334.801,0
37.141904631,1107,110700000,100000,33509520,335.095,0
37.175374767,1108,110800000,100000,33470136,334.701,0
37.208848408,1109,110900000,100000,33473641,334.736,0
37.242319348,1110,111000000,100000,33470940,334.709,0
37.275783226,1111,111100000,100000,33463878,334.639,0
37.309358903,1112,111200000,100000,33575677,335.757,0
37.342918043,1113,111300000,100000,33559140,335.591,0
37.376484839,1114,111400000,100000,33566796,335.668,0
37.409964432,1115,111500000,100000,33479593,334.796,0
37.443429144,1116,111600000,100000,33464712,334.647,0
37.477039302,1117,111700000,100000,33610158,336.102,0
37.510502587,1118,111800000,100000,33463285,334.633,0
37.543974283,1119,111900000,100000,33471696,334.717,0
37.577447113,1120,112000000,100000,33472830,334.728,0
37.611013472,1121,112100000,100000,33566359,335.664,0
37.644549122,1122,112200000,100000,33535650,335.356,0
37.678220384,1123,112300000,100000,33671262,336.713,0
37.711786083,1124,112400000,100000,33565699,335.657,0
37.745250369,1125,112500000,100000,33464286,334.643,0
37.778749155,1126,112600000,100000,33498786,334.988,0
37.812219364,1127,112700000,100000,33470209,334.702,0
37.845875230,1128,112800000,100000,33655866,336.559,0
37.879349050,1129,112900000,100000,33473820,334.738,0
37.912857863,1130,113000000,100000,33508813,335.088,0
37.946322575,1131,113100000,100000,33464712,334.647,0
37.979807879,1132,113200000,100000,33485304,334.853,0
38.013346332,1133,113300000,100000,33538453,335.385,0
38.046921384,1134,113400000,100000,33575052,335.751,0
38.080393764,1135,113500000,100000,33472380,334.724,0
38.113917613,1136,113600000,100000,33523849,335.238,0
38.147399173,1137,113700000,100000,33481560,334.816,0
38.180950645,1138,113800000,100000,33551472,335.515,0
38.214476300,1139,113900000,100000,33525655,335.257,0
38.248051382,1140,114000000,100000,33575082,335.751,0
38.281515836,1141,114100000,100000,33464454,334.645,0
38.315033493,1142,114200000,100000,33517657,335.177,0
38.348602905,1143,114300000,100000,33569412,335.694,0
38.382169353,1144,114400000,100000,33566448,335.664,0
38.415632728,1145,114500000,100000,33463375,334.634,0
38.449121632,1146,114600000,100000,33488904,334.889,0
38.482584490,1147,114700000,100000,33462858,334.629,0
38.516148275,1148,114800000,100000,33563785,335.638,0
38.549629043,1149,114900000,100000,33480768,334.808,0
38.583093923,1150,115000000,100000,33464880,334.649,0
38.616575556,1151,115100000,100000,33481633,334.816,0
38.650046868,1152,115200000,100000,33471312,334.713,0
38.683590234,1153,115300000,100000,33543366,335.434,0
38.717158669,1154,115400000,100000,33568435,335.684,0
38.750855923,1155,115500000,100000,33697254,336.973,0
38.784319273,1156,115600000,100000,33463350,334.634,0
38.817819302,1157,115700000,100000,33500029,335.000,0
38.851288388,1158,115800000,100000,33469086,334.691,0
38.884847390,1159,115900000,100000,33559002,335.590,0
38.918424963,1160,116000000,100000,33577573,335.776,0
38.952028371,1161,116100000,100000,33603408,336.034,0
38.985503853,1162,116200000,100000,33475482,334.755,0
39.019072444,1163,116300000,100000,33568591,335.686,0
39.052702306,1164,116400000,100000,33629862,336.299,0
39.086181370,1165,116500000,100000,33479064,334.791,0
39.119775371,1166,116600000,100000,33594001,335.940,0
39.153400541,1167,116700000,100000,33625170,336.252,0
39.186874961,1168,116800000,100000,33474420,334.744,0
39.220433628,1169,116900000,100000,33558667,335.587,0
39.253992876,1170,117000000,100000,33559248,335.592,0
39.287507778,1171,117100000,100000,33514902,335.149,0
39.320970625,1172,117200000,100000,33462847,334.628,0
39.354489475,1173,117300000,100000,33518850,335.188,0
39.388063819,1174,117400000,100000,33574344,335.743,0
39.421753382,1175,117500000,100000,33689563,336.896,0
39.455312744,1176,117600000,100000,33559362,335.594,0
39.488889476,1177,117700000,100000,33576732,335.767,0
39.522429837,1178,117800000,100000,33540361,335.404,0
39.555903555,1179,117900000,100000,33473718,334.737,0
39.589473165,1180,118000000,100000,33569610,335.696,0
39.623101906,1181,118100000,100000,33628741,336.287,0
39.656583334,1182,118200000,100000,33481428,334.814,0
39.690052822,1183,118300000,100000,33469488,334.695,0
39.723592253,1184,118400000,100000,33539431,335.394,0
39.757168985,1185,118500000,100000,33576732,335.767,0
39.790727699,1186,118600000,100000,33558714,335.587,0
39.824198856,1187,118700000,100000,33471157,334.712,0
39.857671248,1188,118800000,100000,33472392,334.724,0
39.891291942,1189,118900000,100000,33620694,336.207,0
39.924756325,1190,119000000,100000,33464383,334.644,0
39.958333003,1191,119100000,100000,33576678,335.767,0
39.991930669,1192,119200000,100000,33597666,335.977,0
40.025431646,1193,119300000,100000,33500977,335.010,0
40.058916890,1194,119400000,100000,33485244,334.852,0
40.092541904,1195,119500000,100000,33625014,336.250,0
40.126023183,1196,119600000,100000,33481279,334.813,0
40.159486437,1197,119700000,100000,33463254,334.633,0
40.193029365,1198,119800000,100000,33542928,335.429,0
40.226603224,1199,119900000,100000,33573859,335.739,0
40.260068380,1200,120000000,100000,33465156,334.652,0
40.293537424,1201,120100000,100000,33469044,334.690,0
40.327061609,1202,120200000,100000,33524185,335.242,0
40.360635755,1203,120300000,100000,33574146,335.741,0
40.394104751,1204,120400000,100000,33468996,334.690,0
40.427590152,1205,120500000,100000,33485401,334.854,0
40.461151572,1206,120600000,100000,33561420,335.614,0
40.494753108,1207,120700000,100000,33601536,336.015,0
40.528235179,1208,120800000,100000,33482071,334.821,0
40.561702237,1209,120900000,100000,33467058,334.671,0
40.595314267,1210,121000000,100000,33612030,336.120,0
40.628778908,1211,121100000,100000,33464641,334.646,0
40.662252488,1212,121200000,100000,33473580,334.736,0
40.695848456,1213,121300000,100000,33595968,335.960,0
40.729319949,1214,121400000,100000,33471493,334.715,0
40.762953207,1215,121500000,100000,33633258,336.333,0
40.796434695,1216,121600000,100000,33481488,334.815,0
40.829904466,1217,121700000,100000,33469771,334.698,0
40.863464200,1218,121800000,100000,33559734,335.597,0
40.896964540,1219,121900000,100000,33500340,335.003,0
40.930498607,1220,122000000,100000,33534067,335.341,0
40.964077499,1221,122100000,100000,33578892,335.789,0
40.997645717,1222,122200000,100000,33568218,335.682,0
41.031117756,1223,122300000,100000,33472039,334.720,0
41.064580818,1224,122400000,100000,33463062,334.631,0
41.098062120,1225,122500000,100000,33481302,334.813,0
41.131598113,1226,122600000,100000,33535993,335.360,0
41.165079409,1227,122700000,100000,33481296,334.813,0
41.198553799,1228,122800000,100000,33474390,334.744,0
41.232112520,1229,122900000,100000,33558721,335.587,0
41.265785786,1230,123000000,100000,33673266,336.733,0
41.299249094,1231,123100000,100000,33463308,334.633,0
41.332721331,1232,123200000,100000,33472237,334.722,0
41.366199951,1233,123300000,100000,33478620,334.786,0
41.399664357,1234,123400000,100000,33464406,334.644,0
41.433228994,1235,123500000,100000,33564637,335.646,0
41.466797722,1236,123600000,100000,33568728,335.687,0
41.500322590,1237,123700000,100000,33524868,335.249,0
41.533786151,1238,123800000,100000,33463561,334.636,0
41.567362577,1239,123900000,100000,33576426,335.764,0
41.600981039,1240,124000000,100000,33618462,336.185,0
41.634548130,1241,124100000,100000,33567091,335.671,0
41.668122522,1242,124200000,100000,33574392,335.744,0
41.701586538,1243,124300000,100000,33464016,334.640,0
41.735162647,1244,124400000,100000,33576109,335.761,0
41.768665309,1245,124500000,100000,33502662,335.027,0
41.802136687,1246,124600000,100000,33471378,334.714,0
41.835609638,1247,124700000,100000,33472951,334.730,0
41.869306136,1248,124800000,100000,33696498,336.965,0
41.902953614,1249,124900000,100000,33647478,336.475,0
41.936533497,1250,125000000,100000,33579883,335.799,0
41.970098181,1251,125100000,100000,33564684,335.647,0
42.003574053,1252,125200000,100000,33475872,334.759,0
42.037060234,1253,125300000,100000,33486181,334.862,0
42.070653460,1254,125400000,100000,33593226,335.932,0
42.104219620,1255,125500000,100000,33566160,335.662,0
42.137692787,1256,125600000,100000,33473167,334.732,0
42.171227345,1257,125700000,100000,33534558,335.346,0
42.204706931,1258,125800000,100000,33479586,334.796,0
42.238304784,1259,125900000,100000,33597853,335.979,0
42.271869666,1260,126000000,100000,33564882,335.649,0
42.305439210,1261,126100000,100000,33569544,335.695,0
42.339005845,1262,126200000,100000,33566635,335.666,0
42.372644551,1263,126300000,100000,33638706,336.387,0
42.406235869,1264,126400000,100000,33591318,335.913,0
42.439699604,1265,126500000,100000,33463735,334.637,0
42.473171426,1266,126600000,100000,33471822,334.718,0
42.506745020,1267,126700000,100000,33573594,335.736,0
42.540374583,1268,126800000,100000,33629563,336.296,0
42.573843939,1269,126900000,100000,33469356,334.694,0
42.607318863,1270,127000000,100000,33474924,334.749,0
42.640855030,1271,127100000,100000,33536167,335.362,0
42.674329816,1272,127200000,100000,33474786,334.748,0
42.707802058,1273,127300000,100000,33472242,334.722,0
42.741264929,1274,127400000,100000,33462871,334.629,0
42.774747053,1275,127500000,100000,33482124,334.821,0
42.808216577,1276,127600000,100000,33469524,334.695,0
42.841688784,1277,127700000,100000,33472207,334.722,0
42.875194086,1278,127800000,100000,33505302,335.053,0
42.908659422,1279,127900000,100000,33465336,334.653,0
42.942204325,1280,128000000,100000,33544903,335.449,0
42.975871447,1281,128100000,100000,33667122,336.671,0
43.009345171,1282,128200000,100000,33473724,334.737,0
43.042809116,1283,128300000,100000,33463945,334.639,0
43.076386028,1284,128400000,100000,33576912,335.769,0
43.109855762,1285,128500000,100000,33469734,334.697,0
43.143412359,1286,128600000,100000,33556597,335.566,0
43.177084227,1287,128700000,100000,33671868,336.719,0
43.210677477,1288,128800000,100000,33593250,335.933,0
43.244158954,1289,128900000,100000,33481477,334.815,0
43.277659678,1290,129000000,100000,33500724,335.007,0
43.311355912,1291,129100000,100000,33696234,336.962,0
43.345025615,1292,129200000,100000,33669703,336.697,0
43.378536845,1293,129300000,100000,33511230,335.112,0
43.412006417,1294,129400000,100000,33469572,334.696,0
43.445575254,1295,129500000,100000,33568837,335.688,0
43.479141684,1296,129600000,100000,33566430,335.664,0
43.512606330,1297,129700000,100000,33464646,334.646,0
43.546088443,1298,129800000,100000,33482113,334.821,0
43.579551025,1299,129900000,100000,33462582,334.626,0
43.613117677,1300,130000000,100000,33566652,335.667,0
43.646692268,1301,130100000,100000,33574591,335.746,0
43.680162854,1302,130200000,100000,33470586,334.706,0
43.713679790,1303,130300000,100000,33516936,335.169,0
43.747333563,1304,130400000,100000,33653773,336.538,0
43.780900491,1305,130500000,100000,33566928,335.669,0
43.814373657,1306,130600000,100000,33473166,334.732,0
43.847845648,1307,130700000,100000,33471991,334.720,0
43.881456394,1308,130800000,100000,33610746,336.107,0
43.914974746,1309,130900000,100000,33518352,335.184,0
43.948526267,1310,131000000,100000,33551521,335.515,0
43.981993955,1311,131100000,100000,33467688,334.677,0
44.015571431,1312,131200000,100000,33577476,335.775,0
44.049132990,1313,131300000,100000,33561559,335.616,0
44.082604680,1314,131400000,100000,33471690,334.717,0
44.116268586,1315,131500000,100000,33663906,336.639,0
44.149740691,1316,131600000,100000,33472105,334.721,0
44.183204293,1317,131700000,100000,33463602,334.636,0
44.216780383,1318,131800000,100000,33576090,335.761,0
44.250250808,1319,131900000,100000,33470425,334.704,0
44.283820532,1320,132000000,100000,33569724,335.697,0
44.317381112,1321,132100000,100000,33560580,335.606,0
44.350940109,1322,132200000,100000,33558997,335.590,0
44.384422449,1323,132300000,100000,33482340,334.823,0
44.417981763,1324,132400000,100000,33559314,335.593,0
44.451597040,1325,132500000,100000,33615277,336.153,0
44.485075948,1326,132600000,100000,33478908,334.789,0
44.518547920,1327,132700000,100000,33471972,334.720,0
44.552019983,1328,132800000,100000,33472063,334.721,0
44.585494577,1329,132900000,100000,33474594,334.746,0
44.618999513,1330,133000000,100000,33504936,335.049,0
44.652464400,1331,133100000,100000,33464887,334.649,0
44.685950094,1332,133200000,100000,33485694,334.857,0
44.719577016,1333,133300000,100000,33626922,336.269,0
44.753060089,1334,133400000,100000,33483073,334.831,0
44.786565937,1335,133500000,100000,33505848,335.058,0
44.820126613,1336,133600000,100000,33560676,335.607,0
44.853611240,1337,133700000,100000,33484627,334.846,0
44.887257854,1338,133800000,100000,33646614,336.466,0
44.920881638,1339,133900000,100000,33623784,336.238,0
44.954429055,1340,134000000,100000,33547417,335.474,0
44.987905191,1341,134100000,100000,33476136,334.761,0
45.021467289,1342,134200000,100000,33562098,335.621,0
45.055044064,1343,134300000,100000,33576775,335.768,0
45.088513978,1344,134400000,100000,33469914,334.699,0
45.121978258,1345,134500000,100000,33464280,334.643,0
45.155459549,1346,134600000,100000,33481291,334.813,0
45.188982905,1347,134700000,100000,33523356,335.234,0
45.222454997,1348,134800000,100000,33472092,334.721,0
45.256023168,1349,134900000,100000,33568171,335.682,0
45.289495308,1350,135000000,100000,33472140,334.721,0
45.323070150,1351,135100000,100000,33574842,335.748,0
45.356556163,1352,135200000,100000,33486013,334.860,0
45.390031165,1353,135300000,100000,33475002,334.750,0
45.423698647,1354,135400000,100000,33667482,336.675,0
45.457170920,1355,135500000,100000,33472273,334.723,0
45.490637210,1356,135600000,100000,33466290,334.663,0
45.524120822,1357,135700000,100000,33483612,334.836,0
45.557585151,1358,135800000,100000,33464329,334.643,0
45.591060303,1359,135900000,100000,33475152,334.752,0
45.624542475,1360,136000000,100000,33482172,334.822,0
45.658007710,1361,136100000,100000,33465235,334.652,0
45.691490398,1362,136200000,100000,33482688,334.827,0
45.725084896,1363,136300000,100000,33594498,335.945,0
45.758557031,1364,136400000,100000,33472135,334.721,0
45.792030377,1365,136500000,100000,33473346,334.733,0
45.825502127,1366,136600000,100000,33471750,334.717,0
45.859061100,1367,136700000,100000,33558973,335.590,0
45.892543698,1368,136800000,100000,33482598,334.826,0
45.926014086,1369,136900000,100000,33470388,334.704,0
45.959478193,1370,137000000,100000,33464107,334.641,0
45.992963059,1371,137100000,100000,33484866,334.849,0
46.026506767,1372,137200000,100000,33543708,335.437,0
46.060074932,1373,137300000,100000,33568165,335.682,0
46.093643378,1374,137400000,100000,33568446,335.684,0
46.127115380,1375,137500000,100000,33472002,334.720,0
46.160617257,1376,137600000,100000,33501877,335.019,0
46.194109401,1377,137700000,100000,33492144,334.921,0
46.227580185,1378,137800000,100000,33470784,334.708,0
46.261054180,1379,137900000,100000,33473995,334.740,0
46.294619434,1380,138000000,100000,33565254,335.653,0
46.328151928,1381,138100000,100000,33532494,335.325,0
46.361633375,1382,138200000,100000,33481447,334.814,0
46.395097109,1383,138300000,100000,33463734,334.637,0
46.428663803,1384,138400000,100000,33566694,335.667,0
46.462354566,1385,138500000,100000,33690763,336.908,0
46.495962408,1386,138600000,100000,33607842,336.078,0
46.529431830,1387,138700000,100000,33469422,334.694,0
46.562905849,1388,138800000,100000,33474019,334.740,0
46.596547291,1389,138900000,100000,33641442,336.414,0
46.630010653,1390,139000000,100000,33463362,334.634,0
46.663499180,1391,139100000,100000,33488527,334.885,0
46.697022614,1392,139200000,100000,33523434,335.234,0
46.730494400,1393,139300000,100000,33471786,334.718,0
46.763974539,1394,139400000,100000,33480139,334.801,0
46.797508743,1395,139500000,100000,33534204,335.342,0
46.830993543,1396,139600000,100000,33484800,334.848,0
46.864589584,1397,139700000,100000,33596041,335.960,0
46.898063992,1398,139800000,100000,33474408,334.744,0
46.931729650,1399,139900000,100000,33665658,336.657,0
46.965206513,1400,140000000,100000,33476863,334.769,0
46.998725633,1401,140100000,100000,33519120,335.191,0
47.032315691,1402,140200000,100000,33590058,335.901,0
47.065865358,1403,140300000,100000,33549667,335.497,0
47.099414544,1404,140400000,100000,33549186,335.492,0
47.132928852,1405,140500000,100000,33514308,335.143,0
47.166450337,1406,140600000,100000,33521485,335.215,0
47.200017049,1407,140700000,100000,33566712,335.667,0
47.233680643,1408,140800000,100000,33663594,336.636,0
47.267151908,1409,140900000,100000,33471265,334.713,0
47.300661908,1410,141000000,100000,33510000,335.100,0
47.334127088,1411,141100000,100000,33465180,334.652,0
47.367596523,1412,141200000,100000,33469435,334.694,0
47.401165905,1413,141300000,100000,33569382,335.694,0
47.434636863,1414,141400000,100000,33470958,334.710,0
47.468100808,1415,141500000,100000,33463945,334.639,0
47.501690722,1416,141600000,100000,33589914,335.899,0
47.535154330,1417,141700000,100000,33463608,334.636,0
47.568626177,1418,141800000,100000,33471847,334.718,0
47.602105943,1419,141900000,100000,33479766,334.798,0
47.635570529,1420,142000000,100000,33464586,334.646,0
47.669040474,1421,142100000,100000,33469945,334.699,0
47.702514222,1422,142200000,100000,33473748,334.737,0
47.736058638,1423,142300000,100000,33544416,335.444,0
47.769521989,1424,142400000,100000,33463351,334.634,0
47.803098823,1425,142500000,100000,33576834,335.768,0
47.836629211,1426,142600000,100000,33530388,335.304,0
47.870215214,1427,142700000,100000,33586003,335.860,0
47.903725388,1428,142800000,100000,33510174,335.102,0
47.937260054,1429,142900000,100000,33534666,335.347,0
47.970744609,1430,143000000,100000,33484555,334.846,0
48.004304997,1431,143100000,100000,33560388,335.604,0
48.037779279,1432,143200000,100000,33474282,334.743,0
48.071382400,1433,143300000,100000,33603121,336.031,0
48.104949250,1434,143400000,100000,33566850,335.668,0
48.138412366,1435,143500000,100000,33463116,334.631,0
48.171893315,1436,143600000,100000,33480949,334.809,0
48.205363019,1437,143700000,100000,33469704,334.697,0
48.238922351,1438,143800000,100000,33559332,335.593,0
48.272403708,1439,143900000,100000,33481357,334.814,0
48.305867544,1440,144000000,100000,33463836,334.638,0
48.339377478,1441,144100000,100000,33509934,335.099,0
48.372851545,1442,144200000,100000,33474067,334.741,0
48.406418893,1443,144300000,100000,33567348,335.673,0
48.439897801,1444,144400000,100000,33478908,334.789,0
48.473396696,1445,144500000,100000,33498895,334.989,0
48.506866868,1446,144600000,100000,33470172,334.702,0
48.540341108,1447,144700000,100000,33474240,334.742,0
48.573907587,1448,144800000,100000,33566479,335.665,0
48.607561803,1449,144900000,100000,33654216,336.542,0
48.641063487,1450,145000000,100000,33501684,335.017,0
48.674622352,1451,145100000,100000,33558865,335.589,0
48.708103168,1452,145200000,100000,33480816,334.808,0
48.741774286,1453,145300000,100000,33671118,336.711,0
48.775293497,1454,145400000,100000,33519211,335.192,0
48.808859015,1455,145500000,100000,33565518,335.655,0
48.842427737,1456,145600000,100000,33568722,335.687,0
48.875899032,1457,145700000,100000,33471295,334.713,0
48.909458682,1458,145800000,100000,33559650,335.596,0
48.943006536,1459,145900000,100000,33547854,335.479,0
48.976472359,1460,146000000,100000,33465823,334.658,0
49.010051065,1461,146100000,100000,33578706,335.787,0
49.043520907,1462,146200000,100000,33469842,334.698,0
49.076985386,1463,146300000,100000,33464479,334.645,0
49.110465932,1464,146400000,100000,33480546,334.805,0
49.143929786,1465,146500000,100000,33463854,334.639,0
49.177549041,1466,146600000,100000,33619255,336.193,0
49.211021175,1467,146700000,100000,33472134,334.721,0
49.244587893,1468,146800000,100000,33566718,335.667,0
49.278135016,1469,146900000,100000,33547123,335.471,0
49.311615346,1470,147000000,100000,33480330,334.803,0
49.345157968,1471,147100000,100000,33542622,335.426,0
49.378622489,1472,147200000,100000,33464521,334.645,0
49.412102303,1473,147300000,100000,33479814,334.798,0
49.445695505,1474,147400000,100000,33593202,335.932,0
49.479368244,1475,147500000,100000,33672739,336.727,0
49.512831870,1476,147600000,100000,33463626,334.636,0
49.546314828,1477,147700000,100000,33482958,334.830,0
49.579794145,1478,147800000,100000,33479317,334.793,0
49.613298613,1479,147900000,100000,33504468,335.045,0
49.646767429,1480,148000000,100000,33468816,334.688,0
49.680267236,1481,148100000,100000,33499807,334.998,0
49.713741956,1482,148200000,100000,33474720,334.747,0
49.747206170,1483,148300000,100000,33464214,334.642,0
49.780688481,1484,148400000,100000,33482311,334.823,0
49.814152191,1485,148500000,100000,33463710,334.637,0
49.847718771,1486,148600000,100000,33566580,335.666,0
49.881198232,1487,148700000,100000,33479461,334.795,0
49.914664138,1488,148800000,100000,33465906,334.659,0
49.948175122,1489,148900000,100000,33510984,335.110,0
49.981690049,1490,149000000,100000,33514927,335.149,0
50.015225063,1491,149100000,100000,33535014,335.350,0
50.048786009,1492,149200000,100000,33560946,335.609,0
50.082459030,1493,149300000,100000,33673021,336.730,0
50.115990414,1494,149400000,100000,33531384,335.314,0
50.149471524,1495,149500000,100000,33481110,334.811,0
50.183036383,1496,149600000,100000,33564859,335.649,0
50.216500951,1497,149700000,100000,33464568,334.646,0
50.249982475,1498,149800000,100000,33481524,334.815,0
50.283490958,1499,149900000,100000,33508483,335.085,0
50.316962036,1500,150000000,100000,33471078,334.711,0
50.350434578,1501,150100000,100000,33472542,334.725,0
50.384021307,1502,150200000,100000,33586729,335.867,0
50.417506869,1503,150300000,100000,33485562,334.856,0
50.450974149,1504,150400000,100000,33467280,334.673,0
50.484445918,1505,150500000,100000,33471769,334.718,0
50.517955840,1506,150600000,100000,33509922,335.099,0
50.551524814,1507,150700000,100000,33568974,335.690,0
50.585066153,1508,150800000,100000,33541339,335.413,0
50.618564759,1509,150900000,100000,33498606,334.986,0
50.652029849,1510,151000000,100000,33465090,334.651,0
50.685597546,1511,151100000,100000,33567697,335.677,0
50.719080342,1512,151200000,100000,33482796,334.828,0
50.752545036,1513,151300000,100000,33464694,334.647,0
50.786014309,1514,151400000,100000,33469273,334.693,0
50.819584099,1515,151500000,100000,33569790,335.698,0
50.853055909,1516,151600000,100000,33471810,334.718,0
50.886651836,1517,151700000,100000,33595927,335.959,0
50.920201754,1518,151800000,100000,33549918,335.499,0
50.953676594,1519,151900000,100000,33474840,334.748,0
50.987255763,1520,152000000,100000,33579169,335.792,0
51.020816679,1521,152100000,100000,33560916,335.609,0
51.054281097,1522,152200000,100000,33464418,334.644,0
51.087762280,1523,152300000,100000,33481183,334.812,0
51.121226218,1524,152400000,100000,33463938,334.639,0
51.154773898,1525,152500000,100000,33547680,335.477,0
51.188342825,1526,152600000,100000,33568927,335.689,0
51.221874527,1527,152700000,100000,33531702,335.317,0
51.255339131,1528,152800000,100000,33464604,334.646,0
51.288820842,1529,152900000,100000,33481711,334.817,0
51.322290648,1530,153000000,100000,33469806,334.698,0
51.355755810,1531,153100000,100000,33465162,334.652,0
51.389331289,1532,153200000,100000,33575479,335.755,0
51.422924443,1533,153300000,100000,33593154,335.932,0
51.456491449,1534,153400000,100000,33567006,335.670,0
51.489965042,1535,153500000,100000,33473593,334.736,0
51.523593848,1536,153600000,100000,33628806,336.288,0
51.557073200,1537,153700000,100000,33479352,334.794,0
51.590538675,1538,153800000,100000,33465475,334.655,0
51.624008121,1539,153900000,100000,33469446,334.694,0
51.657577455,1540,154000000,100000,33569334,335.693,0
51.691143880,1541,154100000,100000,33566425,335.664,0
51.724607284,1542,154200000,100000,33463404,334.634,0
51.758105524,1543,154300000,100000,33498240,334.982,0
51.791664305,1544,154400000,100000,33558781,335.588,0
51.825135935,1545,154500000,100000,33471630,334.716,0
51.858710693,1546,154600000,100000,33574758,335.748,0
51.892248414,1547,154700000,100000,33537721,335.377,0
51.925812726,1548,154800000,100000,33564312,335.643,0
51.959380710,1549,154900000,100000,33567984,335.680,0
51.992921149,1550,155000000,100000,33540439,335.404,0
52.026524503,1551,155100000,100000,33603354,336.034,0
52.060134739,1552,155200000,100000,33610236,336.102,0
52.093694402,1553,155300000,100000,33559663,335.597,0
52.127271572,1554,155400000,100000,33577170,335.772,0
52.160741240,1555,155500000,100000,33469668,334.697,0
52.194206709,1556,155600000,100000,33465469,334.655,0
52.227687897,1557,155700000,100000,33481188,334.812,0
52.261231557,1558,155800000,100000,33543660,335.437,0
52.294702738,1559,155900000,100000,33471181,334.712,0
52.328175694,1560,156000000,100000,33472956,334.730,0
52.361647084,1561,156100000,100000,33471390,334.714,0
52.395197909,1562,156200000,100000,33550825,335.508,0
52.428686699,1563,156300000,100000,33488790,334.888,0
52.462226105,1564,156400000,100000,33539406,335.394,0
52.495690266,1565,156500000,100000,33464161,334.642,0
52.529297766,1566,156600000,100000,33607500,336.075,0
52.562857530,1567,156700000,100000,33559764,335.598,0
52.596338551,1568,156800000,100000,33481021,334.810,0
52.629931471,1569,156900000,100000,33592920,335.929,0
52.663554793,1570,157000000,100000,33623322,336.233,0
52.697129246,1571,157100000,100000,33574453,335.745,0
52.730677118,1572,157200000,100000,33547872,335.479,0
52.764146480,1573,157300000,100000,33469362,334.694,0
52.797716583,1574,157400000,100000,33570103,335.701,0
52.831188057,1575,157500000,100000,33471474,334.715,0
52.864737057,1576,157600000,100000,33549000,335.490,0
52.898230444,1577,157700000,100000,33493387,334.934,0
52.931947096,1578,157800000,100000,33716652,337.167,0
52.965425104,1579,157900000,100000,33478008,334.780,0
52.998905063,1580,158000000,100000,33479959,334.800,0
53.032529579,1581,158100000,100000,33624516,336.245,0
53.066106035,1582,158200000,100000,33576456,335.765,0
53.099664348,1583,158300000,100000,33558313,335.583,0
53.133135426,1584,158400000,100000,33471078,334.711,0
53.166608436,1585,158500000,100000,33473010,334.730,0
53.200079311,1586,158600000,100000,33470875,334.709,0
53.233594813,1587,158700000,100000,33515502,335.155,0
53.267266123,1588,158800000,100000,33671310,336.713,0
53.300830976,1589,158900000,100000,33564853,335.649,0
53.334390206,1590,159000000,100000,33559230,335.592,0
53.367872066,1591,159100000,100000,33481860,334.819,0
53.401487397,1592,159200000,100000,33615331,336.153,0
53.435091417,1593,159300000,100000,33604020,336.040,0
53.468663301,1594,159400000,100000,33571884,335.719,0
53.502229438,1595,159500000,100000,33566137,335.661,0
53.535708436,1596,159600000,100000,33478998,334.790,0
53.569359898,1597,159700000,100000,33651462,336.515,0
53.602924433,1598,159800000,100000,33564535,335.645,0
53.636516285,1599,159900000,100000,33591852,335.919,0
53.669987939,1600,160000000,100000,33471654,334.717,0
53.703451494,1601,160100000,100000,33463555,334.636,0
53.737132410,1602,160200000,100000,33680916,336.809,0
53.770691640,1603,160300000,100000,33559230,335.592,0
53.804164561,1604,160400000,100000,33472921,334.729,0
53.837739613,1605,160500000,100000,33575052,335.751,0
53.871274819,1606,160600000,100000,33535206,335.352,0
53.904783968,1607,160700000,100000,33509149,335.091,0
53.938354550,1608,160800000,100000,33570582,335.706,0
53.971826390,1609,160900000,100000,33471840,334.718,0
54.005300955,1610,161000000,100000,33474565,334.746,0
54.038775555,1611,161100000,100000,33474600,334.746,0
54.072334221,1612,161200000,100000,33558666,335.587,0
54.105911656,1613,161300000,100000,33577435,335.774,0
54.139563814,1614,161400000,100000,33652158,336.522,0
54.173253784,1615,161500000,100000,33689970,336.900,0
54.206734883,1616,161600000,100000,33481099,334.811,0
54.240293885,1617,161700000,100000,33559002,335.590,0
54.273810053,1618,161800000,100000,33516168,335.162,0
54.307283226,1619,161900000,100000,33473173,334.732,0
54.340849254,1620,162000000,100000,33566028,335.660,0
54.374407176,1621,162100000,100000,33557922,335.579,0
54.407982373,1622,162200000,100000,33575197,335.752,0
54.441517939,1623,162300000,100000,33535566,335.356,0
54.475023787,1624,162400000,100000,33505848,335.058,0
54.508495304,1625,162500000,100000,33471517,334.715,0
54.541959998,1626,162600000,100000,33464694,334.647,0
54.575451278,1627,162700000,100000,33491280,334.913,0
54.609010197,1628,162800000,100000,33558919,335.589,0
54.642482337,1629,162900000,100000,33472140,334.721,0
54.675960927,1630,163000000,100000,33478590,334.786,0
54.709426336,1631,163100000,100000,33465409,334.654,0
54.742896934,1632,163200000,100000,33470598,334.706,0
54.776374162,1633,163300000,100000,33477228,334.772,0
54.809845943,1634,163400000,100000,33471781,334.718,0
54.843392483,1635,163500000,100000,33546540,335.465,0
54.876969173,1636,163600000,100000,33576690,335.767,0
54.910528632,1637,163700000,100000,33559459,335.595,0
54.944156664,1638,163800000,100000,33628032,336.280,0
54.977738838,1639,163900000,100000,33582174,335.822,0
55.011207223,1640,164000000,100000,33468385,334.684,0
55.044689395,1641,164100000,100000,33482172,334.822,0
55.078188073,1642,164200000,100000,33498678,334.987,0
55.111755278,1643,164300000,100000,33567205,335.672,0
55.145228228,1644,164400000,100000,33472950,334.729,0
55.178740016,1645,164500000,100000,33511788,335.118,0
55.212202623,1646,164600000,100000,33462607,334.626,0
55.245874443,1647,164700000,100000,33671820,336.718,0
55.279344519,1648,164800000,100000,33470076,334.701,0
55.312952926,1649,164900000,100000,33608407,336.084,0
55.346528842,1650,165000000,100000,33575916,335.759,0
55.379991892,1651,165100000,100000,33463050,334.630,0
55.413498983,1652,165200000,100000,33507091,335.071,0
55.446966173,1653,165300000,100000,33467190,334.672,0
55.480438637,1654,165400000,100000,33472464,334.725,0
55.513921404,1655,165500000,100000,33482767,334.828,0
55.547389026,1656,165600000,100000,33467622,334.676,0
55.580954190,1657,165700000,100000,33565164,335.652,0
55.614430711,1658,165800000,100000,33476521,334.765,0
55.647999691,1659,165900000,100000,33568980,335.690,0
55.681558807,1660,166000000,100000,33559116,335.591,0
55.715043494,1661,166100000,100000,33484687,334.847,0
55.748506838,1662,166200000,100000,33463344,334.633,0
55.782108386,1663,166300000,100000,33601548,336.015,0
55.815683433,1664,166400000,100000,33575047,335.750,0
55.849147563,1665,166500000,100000,33464130,334.641,0
55.882617819,1666,166600000,100000,33470256,334.703,0
55.916188984,1667,166700000,100000,33571165,335.712,0
55.949661250,1668,166800000,100000,33472266,334.723,0
55.983200362,1669,166900000,100000,33539112,335.391,0
56.016675821,1670,167000000,100000,33475459,334.755,0
56.050200185,1671,167100000,100000,33524364,335.244,0
56.083872017,1672,167200000,100000,33671832,336.718,0
56.117342430,1673,167300000,100000,33470413,334.704,0
56.150807532,1674,167400000,100000,33465102,334.651,0
56.184383562,1675,167500000,100000,33576030,335.760,0
56.217894349,1676,167600000,100000,33510787,335.108,0
56.251376059,1677,167700000,100000,33481710,334.817,0
56.284869145,1678,167800000,100000,33493086,334.931,0
56.318341328,1679,167900000,100000,33472183,334.722,0
56.352346220,1680,168000000,100000,34004892,340.049,0
56.385982550,1681,168100000,100000,33636330,336.363,0
56.419465947,1682,168200000,100000,33483397,334.834,0
56.453038443,1683,168300000,100000,33572496,335.725,0
56.486510373,1684,168400000,100000,33471930,334.719,0
56.520072790,1685,168500000,100000,33562417,335.624,0
56.553675076,1686,168600000,100000,33602286,336.023,0
56.587233730,1687,168700000,100000,33558654,335.587,0
56.620799531,1688,168800000,100000,33565801,335.658,0
56.654278121,1689,168900000,100000,33478590,334.786,0
56.687821901,1690,169000000,100000,33543780,335.438,0
56.721291402,1691,169100000,100000,33469501,334.695,0
56.754859980,1692,169200000,100000,33568578,335.686,0
56.788330434,1693,169300000,100000,33470454,334.705,0
56.821883569,1694,169400000,100000,33553135,335.531,0
56.855364445,1695,169500000,100000,33480876,334.809,0
56.888923579,1696,169600000,100000,33559134,335.591,0
56.922492434,1697,169700000,100000,33568855,335.689,0
56.955968018,1698,169800000,100000,33475584,334.756,0
56.989436924,1699,169900000,100000,33468906,334.689,0
57.022921269,1700,170000000,100000,33484345,334.843,0
57.056520285,1701,170100000,100000,33599016,335.990,0
57.090007545,1702,170200000,100000,33487260,334.873,0
57.123505564,1703,170300000,100000,33498019,334.980,0
57.157073674,1704,170400000,100000,33568110,335.681,0
57.190619422,1705,170500000,100000,33545748,335.457,0
57.224103047,1706,170600000,100000,33483625,334.836,0
57.257669741,1707,170700000,100000,33566694,335.667,0
57.291359867,1708,170800000,100000,33690126,336.901,0
57.324865860,1709,170900000,100000,33505993,335.060,0
57.358398948,1710,171000000,100000,33533088,335.331,0
57.391905702,1711,171100000,100000,33506754,335.068,0
57.425409181,1712,171200000,100000,33503479,335.035,0
57.458944063,1713,171300000,100000,33534882,335.349,0
57.492517219,1714,171400000,100000,33573156,335.732,0
57.525980750,1715,171500000,100000,33463531,334.635,0
57.559450724,1716,171600000,100000,33469974,334.700,0
57.592958300,1717,171700000,100000,33507576,335.076,0
57.626429631,1718,171800000,100000,33471331,334.713,0
57.660041373,1719,171900000,100000,33611742,336.117,0
57.693522669,1720,172000000,100000,33481296,334.813,0
57.726985516,1721,172100000,100000,33462847,334.628,0
57.760504282,1722,172200000,100000,33518766,335.188,0
57.794078218,1723,172300000,100000,33573936,335.739,0
57.827542595,1724,172400000,100000,33464377,334.644,0
57.861012161,1725,172500000,100000,33469566,334.696,0
57.894631889,1726,172600000,100000,33619728,336.197,0
57.928112988,1727,172700000,100000,33481099,334.811,0
57.961765218,1728,172800000,100000,33652230,336.522,0
57.995251560,1729,172900000,100000,33486342,334.863,0
58.028812609,1730,173000000,100000,33561049,335.610,0
58.062294223,1731,173100000,100000,33481614,334.816,0
58.095764311,1732,173200000,100000,33470088,334.701,0
58.129300820,1733,173300000,100000,33536509,335.365,0
58.162782254,1734,173400000,100000,33481434,334.814,0
58.196245622,1735,173500000,100000,33463368,334.634,0
58.229716929,1736,173600000,100000,33471307,334.713,0
58.263190065,1737,173700000,100000,33473136,334.731,0
58.296709827,1738,173800000,100000,33519762,335.198,0
58.330219858,1739,173900000,100000,33510031,335.100,0
58.363796986,1740,174000000,100000,33577128,335.771,0
58.397340550,1741,174100000,100000,33543564,335.436,0
58.430805197,1742,174200000,100000,33464647,334.646,0
58.464285689,1743,174300000,100000,33480492,334.805,0
58.497808181,1744,174400000,100000,33522492,335.225,0
58.531279512,1745,174500000,100000,33471331,334.713,0
58.564752432,1746,174600000,100000,33472920,334.729,0
58.598288184,1747,174700000,100000,33535752,335.358,0
58.631957137,1748,174800000,100000,33668953,336.690,0
58.665421873,1749,174900000,100000,33464736,334.647,0
58.698986545,1750,175000000,100000,33564672,335.647,0
58.732460384,1751,175100000,100000,33473839,334.738,0
58.765941824,1752,175200000,100000,33481440,334.814,0
58.799501468,1753,175300000,100000,33559644,335.596,0
58.833000465,1754,175400000,100000,33498997,334.990,0
58.866543315,1755,175500000,100000,33542850,335.428,0
58.900016205,1756,175600000,100000,33472890,334.729,0
58.933587400,1757,175700000,100000,33571195,335.712,0
58.967053876,1758,175800000,100000,33466476,334.665,0
59.000658820,1759,175900000,100000,33604944,336.049,0
59.034329747,1760,176000000,100000,33670927,336.709,0
59.067801011,1761,176100000,100000,33471264,334.713,0
59.101274153,1762,176200000,100000,33473142,334.731,0
59.134840830,1763,176300000,100000,33566677,335.667,0
59.168303694,1764,176400000,100000,33462864,334.629,0
59.201879646,1765,176500000,100000,33575952,335.760,0
59.235443941,1766,176600000,100000,33564295,335.643,0
59.268983227,1767,176700000,100000,33539286,335.393,0
59.302560139,1768,176800000,100000,33576912,335.769,0
59.336023400,1769,176900000,100000,33463261,334.633,0
59.369589740,1770,177000000,100000,33566340,335.663,0
59.403158834,1771,177100000,100000,33569094,335.691,0
59.436800973,1772,177200000,100000,33642139,336.421,0
59.470399695,1773,177300000,100000,33598722,335.987,0
59.503976811,1774,177400000,100000,33577116,335.771,0
59.537513704,1775,177500000,100000,33536893,335.369,0
59.570978476,1776,177600000,100000,33464772,334.648,0
59.604460600,1777,177700000,100000,33482124,334.821,0
59.638081775,1778,177800000,100000,33621175,336.212,0
59.671659371,1779,177900000,100000,33577596,335.776,0
59.705218139,1780,178000000,100000,33558768,335.588,0
59.738751012,1781,178100000,100000,33532873,335.329,0
59.772330696,1782,178200000,100000,33579684,335.797,0
59.805876642,1783,178300000,100000,33545946,335.459,0
59.839349425,1784,178400000,100000,33472783,334.728,0
59.872921471,1785,178500000,100000,33572046,335.720,0
59.906395063,1786,178600000,100000,33473592,334.736,0
59.939956274,1787,178700000,100000,33561211,335.612,0
59.973470942,1788,178800000,100000,33514668,335.147,0
60.007094036,1789,178900000,100000,33623094,336.231,0
60.040568271,1790,179000000,100000,33474235,334.742,0
60.074051403,1791,179100000,100000,33483132,334.831,0
60.107678589,1792,179200000,100000,33627186,336.272,0
60.141260830,1793,179300000,100000,33582241,335.822,0
60.174820168,1794,179400000,100000,33559338,335.593,0
60.208291420,1795,179500000,100000,33471252,334.713,0
60.241765037,1796,179600000,100000,33473617,334.736,0
60.275415533,1797,179700000,100000,33650496,336.505,0
60.308958803,1798,179800000,100000,33543270,335.433,0
60.342535200,1799,179900000,100000,33576397,335.764,0
