time_h,avg_ns
0.000000929,334.499
0.000001858,334.426
0.000002803,340.033
0.000003741,337.625
0.000004669,334.407
0.000005614,340.121
0.000006543,334.412
0.000007472,334.409
0.000008414,339.212
0.000009343,334.421
0.000010272,334.415
0.000011209,337.321
0.000012138,334.412
0.000013067,334.409
0.000014002,336.611
0.000014931,334.421
0.000015860,334.405
0.000016797,337.374
0.000017726,334.422
0.000018655,334.396
0.000019591,336.892
0.000020520,334.410
0.000021448,334.403
0.000022390,339.029
0.000023319,334.428
0.000024248,334.408
0.000025181,335.986
0.000026110,334.423
0.000027039,334.406
0.000027975,336.711
0.000028904,334.465
0.000029833,334.411
0.000030773,338.560
0.000031702,334.417
0.000032640,337.618
0.000033575,336.831
0.000034504,334.411
0.000035433,334.403
0.000036366,335.918
0.000037295,334.424
0.000038224,334.411
0.000039158,336.064
0.000040096,337.625
0.000041024,334.398
0.000041962,337.579
0.000042900,337.620
0.000043829,334.415
0.000044763,336.284
0.000045692,334.414
0.000046621,334.402
0.000047554,335.892
0.000048483,334.418
0.000049421,337.611
0.000050356,336.547
0.000051284,334.425
0.000052213,334.412
0.000053150,337.126
0.000054079,334.412
0.000055008,334.394
0.000055940,335.815
0.000056870,334.457
0.000057798,334.414
0.000058733,336.301
0.000059670,337.617
0.000060599,334.406
0.000061532,335.860
0.000062470,337.621
0.000063399,334.408
0.000064332,335.800
0.000065261,334.417
0.000066190,334.415
0.000067125,336.785
0.000068054,334.420
0.000068983,334.411
0.000069916,335.956
0.000070845,334.408
0.000071774,334.412
0.000072707,335.796
0.000073636,334.417
0.000074574,337.609
0.000075508,336.256
0.000076437,334.406
0.000077374,337.615
0.000078308,335.968
0.000079237,334.410
0.000080165,334.403
0.000081099,335.990
0.000082028,334.410
0.000082963,336.601
0.000083892,334.424
0.000084821,334.466
0.000085755,336.297
0.000086684,334.427
0.000087613,334.408
0.000088546,335.887
0.000089475,334.412
0.000090404,334.412
0.000091337,336.169
0.000092266,334.425
0.000093195,334.412
0.000094124,334.475
0.000095053,334.433
0.000095995,338.956
0.000096933,337.625
0.000097862,334.400
0.000098806,339.931
0.000099735,334.432
0.000100664,334.408
0.000101605,338.865
0.000102534,334.413
0.000103463,334.405
0.000104405,339.248
0.000105334,334.423
0.000106263,334.406
0.000107197,336.128
0.000108126,334.418
0.000109055,334.415
0.000109990,336.685
0.000110919,334.412
0.000111848,334.408
0.000112784,337.220
0.000113713,334.415
0.000114642,334.408
0.000115576,336.268
0.000116505,334.412
0.000117434,334.407
0.000118367,335.858
0.000119296,334.417
0.000120225,334.416
0.000121160,336.536
0.000122089,334.496
0.000123018,334.413
0.000123955,337.350
0.000124884,334.420
0.000125822,337.620
0.000126792,349.117
0.000127721,334.423
0.000128649,334.400
0.000129584,336.493
0.000130513,334.420
0.000131451,337.625
0.000132384,335.957
0.000133313,334.414
0.000134251,337.614
0.000135184,335.797
0.000136121,337.620
0.000137050,334.411
0.000137985,336.631
0.000138923,337.627
0.000139861,337.612
0.000140795,336.244
0.000141724,334.408
0.000142657,335.851
0.000143586,334.418
0.000144515,334.409
0.000145448,336.000
0.000146377,334.410
0.000147306,334.408
0.000148248,339.004
0.000149177,334.414
0.000150106,334.457
0.000151040,336.426
0.000151969,334.430
0.000152898,334.401
0.000153835,337.472
0.000154764,334.421
0.000155693,334.415
0.000156628,336.621
0.000157566,337.625
0.000158504,337.612
0.000159444,338.299
0.000160382,337.630
0.000161311,334.414
0.000162246,336.662
0.000163175,334.405
0.000164104,334.411
0.000165042,337.972
0.000165971,334.414
0.000166900,334.400
0.000167839,337.882
0.000168777,337.609
0.000169705,334.405
0.000170643,337.626
0.000171572,334.430
0.000172510,337.619
0.000173443,335.866
0.000174372,334.418
0.000175301,334.412
0.000176237,337.149
0.000177166,334.422
0.000178095,334.456
0.000179034,337.865
0.000179963,334.409
0.000180892,334.396
0.000181829,337.537
0.000182758,334.418
0.000183687,334.406
0.000184621,336.347
0.000185550,334.411
0.000186488,337.619
0.000187417,334.497
0.000188346,334.425
0.000189284,337.717
0.000190222,337.649
0.000191151,334.418
0.000192102,342.180
0.000193031,334.421
0.000193960,334.399
0.000194894,336.522
0.000195823,334.422
0.000196752,334.403
0.000197687,336.656
0.000198616,334.426
0.000199545,334.406
0.000200479,336.299
0.000201408,334.413
0.000202337,334.408
0.000203274,337.073
0.000204203,334.432
0.000205136,336.020
0.000206074,337.620
0.000207003,334.405
0.000207939,337.046
0.000208868,334.416
0.000209797,334.403
0.000210730,336.007
0.000211659,334.419
0.000212588,334.407
0.000213522,336.134
0.000214451,334.406
0.000215463,364.578
0.000216399,337.032
0.000217328,334.421
0.000218257,334.412
0.000219193,336.865
0.000220122,334.405
0.000221051,334.413
0.000221988,337.181
0.000222916,334.410
0.000223845,334.411
0.000224781,336.746
0.000225710,334.423
0.000226639,334.412
0.000227572,335.902
0.000228501,334.412
0.000229430,334.400
0.000230362,335.828
0.000231291,334.414
0.000232220,334.408
0.000233160,338.186
0.000234089,334.412
0.000235026,337.613
0.000235964,337.604
0.000236893,334.415
0.000237822,334.404
0.000238764,339.002
0.000239693,334.411
0.000240621,334.405
0.000241556,336.522
0.000242485,334.421
0.000243414,334.453
0.000244349,336.517
0.000245278,334.421
0.000246216,337.607
0.000247152,337.060
0.000248090,337.626
0.000249019,334.404
0.000249958,338.159
0.000250887,334.412
0.000251816,334.409
0.000252749,335.842
0.000253678,334.413
0.000254607,334.403
0.000255542,336.723
0.000256471,334.411
0.000257409,337.619
0.000258344,336.605
0.000259273,334.426
0.000260211,337.625
0.000261144,335.917
0.000262082,337.618
0.000263019,337.621
0.000263954,336.491
0.000264883,334.412
0.000265821,337.621
0.000266754,335.909
0.000267683,334.417
0.000268612,334.417
0.000269545,336.129
0.000270474,334.411
0.000271403,334.476
0.000272346,339.293
0.000273275,334.420
0.000274204,334.405
0.000275139,336.712
0.000276068,334.432
0.000276997,334.414
0.000277931,336.169
0.000278860,334.409
0.000279793,335.854
0.000280722,334.477
0.000281662,338.311
0.000282590,334.418
0.000283519,334.410
0.000284453,336.121
0.000285391,337.624
0.000286320,334.403
0.000287256,336.966
0.000288185,334.421
0.000289114,334.411
0.000290051,337.553
0.000290980,334.415
0.000291909,334.403
0.000292844,336.510
0.000293773,334.427
0.000294702,334.405
0.000295641,338.246
0.000296570,334.419
0.000297499,334.411
0.000298437,337.533
0.000299366,334.418
0.000300304,337.619
0.000301236,335.815
0.000302165,334.421
0.000303103,337.622
0.000304040,337.394
0.000304969,334.421
0.000305898,334.400
0.000306831,335.824
0.000307769,337.623
0.000308698,334.495
0.000309633,336.588
0.000310562,334.416
0.000311491,334.406
0.000312434,339.599
0.000313363,334.420
0.000314292,334.406
0.000315232,338.336
0.000316161,334.409
0.000317090,334.404
0.000318023,336.089
0.000318952,334.417
0.000319881,334.417
0.000320814,335.839
0.000321752,337.624
0.000322690,337.613
0.000323622,335.773
0.000324551,334.421
0.000325480,334.413
0.000326413,335.756
0.000327351,337.632
0.000328280,334.411
0.000329222,339.350
0.000330151,334.410
0.000331080,334.412
0.000332014,336.074
0.000332943,334.425
0.000333872,334.415
0.000334804,335.831
0.000335742,337.635
0.000336671,334.446
0.000337600,334.435
0.000338538,337.626
0.000339471,335.898
0.000340400,334.415
0.000341338,337.619
0.000342272,336.328
0.000343201,334.424
0.000344130,334.407
0.000345066,336.946
0.000345995,334.417
0.000346924,334.414
0.000347858,336.325
0.000348787,334.416
0.000349716,334.406
0.000350649,335.814
0.000351578,334.408
0.000352507,334.416
0.000353439,335.783
0.000354368,334.411
0.000355297,334.405
0.000356232,336.388
0.000357169,337.633
0.000358098,334.408
0.000359031,335.870
0.000359960,334.415
0.000360889,334.408
0.000361824,336.468
0.000362753,334.411
0.000363682,334.405
0.000364616,336.342
0.000365545,334.416
0.000366474,334.404
0.000367423,341.670
0.000368352,334.424
0.000369281,334.414
0.000370218,337.441
0.000371147,334.423
0.000372085,337.624
0.000373019,336.424
0.000373949,334.493
0.000374888,338.039
0.000375816,334.421
0.000376745,334.408
0.000377683,337.400
0.000378612,334.417
0.000379540,334.403
0.000380477,337.163
0.000381406,334.414
0.000382335,334.408
0.000383273,337.624
0.000384202,334.429
0.000385131,334.408
0.000386066,336.808
0.000386995,334.428
0.000387924,334.414
0.000388865,338.668
0.000389794,334.408
0.000390723,334.412
0.000391657,336.419
0.000392586,334.421
0.000393524,337.619
0.000394458,336.268
0.000395396,337.643
0.000396325,334.403
0.000397257,335.767
0.000398186,334.418
0.000399115,334.402
0.000400050,336.461
0.000400988,337.620
0.000401924,336.948
0.000402853,334.426
0.000403782,334.403
0.000404715,336.065
0.000405644,334.411
0.000406573,334.400
0.000407506,335.753
0.000408434,334.417
0.000409363,334.408
0.000410296,335.788
0.000411225,334.429
0.000412154,334.409
0.000413087,335.737
0.000414016,334.420
0.000414944,334.407
0.000415880,336.795
0.000416809,334.413
0.000417738,334.407
0.000418671,335.913
0.000419600,334.419
0.000420529,334.404
0.000421463,336.347
0.000422392,334.424
0.000423321,334.406
0.000424254,335.897
0.000425183,334.418
0.000426112,334.418
0.000427045,335.798
0.000427974,334.413
0.000428902,334.400
0.000429837,336.317
0.000430766,334.425
0.000431695,334.409
0.000432630,336.709
0.000433559,334.426
0.000434488,334.404
0.000435421,335.902
0.000436350,334.412
0.000437279,334.409
0.000438215,336.934
0.000439143,334.414
0.000440072,334.400
0.000441005,335.757
0.000441934,334.416
0.000442872,337.624
0.000443808,337.087
0.000444737,334.417
0.000445666,334.411
0.000446599,335.774
0.000447528,334.413
0.000448457,334.415
0.000449400,339.671
0.000450338,337.622
0.000451276,337.609
0.000452210,336.355
0.000453139,334.417
0.000454068,334.403
0.000455006,337.645
0.000455944,337.634
0.000456873,334.400
0.000457807,336.344
0.000458736,334.415
0.000459665,334.406
0.000460598,335.869
0.000461527,334.427
0.000462456,334.417
0.000463394,337.906
0.000464323,334.419
0.000465252,334.404
0.000466193,338.770
0.000467122,334.497
0.000468065,339.392
0.000468994,334.420
0.000469923,334.409
0.000470864,339.004
0.000471793,334.414
0.000472722,334.405
0.000473660,337.484
0.000474589,334.420
0.000475525,337.066
0.000476454,334.414
0.000477383,334.410
0.000478319,336.882
0.000479248,334.420
0.000480176,334.415
0.000481110,336.003
0.000482039,334.417
0.000482968,334.408
0.000483901,336.124
0.000484830,334.410
0.000485759,334.408
0.000486702,339.316
0.000487631,334.421
0.000488560,334.409
0.000489494,336.239
0.000490423,334.414
0.000491360,337.624
0.000492300,338.387
0.000493238,337.631
0.000494167,334.409
0.000495102,336.698
0.000496031,334.412
0.000496969,337.619
0.000497914,340.087
0.000498843,334.415
0.000499772,334.402
0.000500707,336.751
0.000501636,334.418
0.000502565,334.411
0.000503501,337.040
0.000504430,334.423
0.000505359,334.413
0.000506292,335.968
0.000507221,334.416
0.000508150,334.409
0.000509083,335.864
0.000510012,334.408
0.000510941,334.403
0.000511874,335.775
0.000512811,337.608
0.000513740,334.411
0.000514682,339.022
0.000515611,334.418
0.000516540,334.408
0.000517472,335.734
0.000518401,334.409
0.000519330,334.401
0.000520265,336.445
0.000521194,334.417
0.000522123,334.405
0.000523063,338.407
0.000523992,334.411
0.000524921,334.409
0.000525854,335.914
0.000526783,334.413
0.000527711,334.403
0.000528644,335.780
0.000529573,334.409
0.000530502,334.411
0.000531436,336.319
0.000532365,334.406
0.000533294,334.407
0.000534227,335.842
0.000535156,334.418
0.000536085,334.403
0.000537020,336.599
0.000537949,334.427
0.000538878,334.414
0.000539813,336.663
0.000540742,334.408
0.000541671,334.405
0.000542603,335.766
0.000543532,334.417
0.000544461,334.406
0.000545394,335.777
0.000546332,337.626
0.000547261,334.408
0.000548193,335.748
0.000549122,334.412
0.000550051,334.405
0.000550985,336.341
0.000551914,334.417
0.000552843,334.406
0.000553778,336.680
0.000554707,334.423
0.000555645,337.619
0.000556578,335.927
0.000557507,334.416
0.000558436,334.411
0.000559378,338.902
0.000560320,339.392
0.000561258,337.634
0.000562187,334.409
0.000563123,336.724
0.000564051,334.418
0.000564980,334.412
0.000565917,337.361
0.000566846,334.432
0.000567775,334.415
0.000568710,336.410
0.000569639,334.427
0.000570577,337.616
0.000571512,336.671
0.000572450,337.625
0.000573379,334.408
0.000574315,337.126
0.000575244,334.416
0.000576173,334.399
0.000577108,336.527
0.000578037,334.414
0.000578966,334.408
0.000579901,336.625
0.000580830,334.421
0.000581767,337.617
0.000582702,336.373
0.000583631,334.410
0.000584560,334.397
0.000585493,335.872
0.000586430,337.634
0.000587359,334.398
0.000588295,336.698
0.000589223,334.420
0.000590152,334.395
0.000591088,336.847
0.000592017,334.403
0.000592946,334.401
0.000593879,335.984
0.000594808,334.405
0.000595737,334.405
0.000596670,336.046
0.000597599,334.424
0.000598528,334.406
0.000599468,338.180
0.000600405,337.631
0.000601343,337.616
0.000602276,335.794
0.000603205,334.424
0.000604143,337.618
0.000605083,338.297
0.000606012,334.420
0.000606949,337.609
0.000607884,336.487
0.000608813,334.438
0.000609742,334.410
0.000610677,336.546
0.000611606,334.424
0.000612535,334.412
0.000613477,339.157
0.000614406,334.422
0.000615335,334.411
0.000616269,336.339
0.000617198,334.421
0.000618127,334.401
0.000619103,351.455
0.000620032,334.441
0.000620967,336.680
0.000621896,334.422
0.000622825,334.411
0.000623761,336.886
0.000624690,334.417
0.000625619,334.406
0.000626560,338.878
0.000627489,334.423
0.000628418,334.411
0.000629359,338.620
0.000630287,334.424
0.000631225,337.627
0.000632159,336.241
0.000633088,334.406
0.000634017,334.407
0.000634950,335.750
0.000635879,334.408
0.000636808,334.400
0.000637742,336.405
0.000638680,337.630
0.000639609,334.409
0.000640547,337.860
0.000641476,334.424
0.000642405,334.412
0.000643339,335.995
0.000644268,334.454
0.000645197,334.418
0.000646131,336.391
0.000647060,334.408
0.000647989,334.416
0.000648925,337.016
0.000649863,337.627
0.000650801,337.619
0.000651733,335.806
0.000652662,334.421
0.000653602,338.143
0.000654540,337.653
0.000655468,334.409
0.000656407,337.926
0.000657336,334.423
0.000658265,334.406
0.000659202,337.156
0.000660131,334.421
0.000661059,334.414
0.000661997,337.395
0.000662926,334.420
0.000663854,334.402
0.000664793,337.934
0.000665722,334.418
0.000666660,337.618
0.000667604,339.830
0.000668542,337.641
0.000669471,334.408
0.000670404,335.945
0.000671333,334.414
0.000672262,334.408
0.000673195,335.805
0.000674124,334.426
0.000675052,334.410
0.000675993,338.675
0.000676922,334.405
0.000677860,337.627
0.000678795,336.709
0.000679724,334.421
0.000680653,334.409
0.000681582,334.465
0.000682511,334.420
0.000683445,336.257
0.000684374,334.414
0.000685303,334.405
0.000686236,335.875
0.000687165,334.420
0.000688094,334.408
0.000689029,336.487
0.000689957,334.408
0.000690886,334.408
0.000691820,336.151
0.000692749,334.419
0.000693687,337.622
0.000694622,336.679
0.000695551,334.428
0.000696480,334.408
0.000697420,338.519
0.000698349,334.409
0.000699278,334.405
0.000700220,339.008
0.000701158,337.636
0.000702087,334.405
0.000703019,335.749
0.000703948,334.422
0.000704877,334.406
0.000705810,335.777
0.000706739,334.418
0.000707668,334.406
0.000708603,336.709
0.000709532,334.463
0.000710461,334.415
0.000711400,338.195
0.000712329,334.413
0.000713258,334.404
0.000714191,335.929
0.000715120,334.421
0.000716049,334.418
0.000716986,337.114
0.000717915,334.411
0.000718843,334.413
0.000719778,336.362
0.000720707,334.410
0.000721636,334.414
0.000722569,335.890
0.000723498,334.411
0.000724435,337.619
0.000725368,335.732
0.000726297,334.406
0.000727235,337.618
0.000728174,338.162
0.000729103,334.427
0.000730032,334.403
0.000730965,335.868
0.000731894,334.421
0.000732823,334.405
0.000733756,335.794
0.000734685,334.427
0.000735613,334.406
0.000736546,335.775
0.000737475,334.453
0.000738404,334.410
0.000739338,336.294
0.000740267,334.410
0.000741196,334.406
0.000742129,335.938
0.000743058,334.430
0.000743987,334.409
0.000744922,336.526
0.000745851,334.421
0.000746793,339.124
0.000747731,337.647
0.000748660,334.400
0.000749589,334.485
0.000750518,334.416
0.000751461,339.675
0.000752390,334.414
0.000753319,334.398
0.000754254,336.632
0.000755192,337.636
0.000756130,337.618
0.000757072,339.142
0.000758001,334.434
0.000758930,334.402
0.000759864,336.473
0.000760802,337.633
0.000761740,337.616
0.000762680,338.479
0.000763609,334.412
0.000764538,334.400
0.000765473,336.548
0.000766402,334.424
0.000767340,337.621
0.000768275,336.611
0.000769204,334.417
0.000770133,334.408
0.000771075,339.320
0.000772004,334.414
0.000772933,334.414
0.000773869,336.886
0.000774798,334.481
0.000775727,334.411
0.000776662,336.672
0.000777591,334.414
0.000778520,334.411
0.000779457,337.259
0.000780395,337.623
0.000781324,334.403
0.000782263,338.108
0.000783192,334.427
0.000784121,334.415
0.000785054,336.150
0.000785983,334.414
0.000786912,334.414
0.000787850,337.524
0.000788779,334.417
0.000789708,334.403
0.000790640,335.818
0.000791569,334.415
0.000792498,334.399
0.000793436,337.571
0.000794374,337.627
0.000795312,337.630
0.000796253,338.963
0.000797182,334.424
0.000798111,334.403
0.000799047,337.070
0.000799976,334.420
0.000800905,334.408
0.000801838,335.957
0.000802768,334.460
0.000803696,334.414
0.000804637,338.555
0.000805566,334.415
0.000806495,334.401
0.000807437,339.098
0.000808366,334.414
0.000809294,334.409
0.000810229,336.465
0.000811158,334.414
0.000812096,337.611
0.000813036,338.393
0.000813974,337.621
0.000814903,334.402
0.000815845,339.295
0.000816774,334.423
0.000817703,334.399
0.000818636,335.881
0.000819565,334.419
0.000820494,334.406
0.000821435,338.757
0.000822364,334.407
0.000823293,334.410
0.000824225,335.756
0.000825163,337.631
0.000826092,334.405
0.000827025,335.785
0.000827954,334.420
0.000828888,336.242
0.000829817,334.412
0.000830746,334.455
0.000831682,337.075
0.000832611,334.427
0.000833540,334.409
0.000834473,335.992
0.000835402,334.415
0.000836331,334.402
0.000837272,338.662
0.000838201,334.411
0.000839138,337.609
0.000840068,334.480
0.000840996,334.419
0.000841935,337.698
0.000842863,334.429
0.000843792,334.412
0.000844732,338.262
0.000845661,334.430
0.000846599,337.607
0.000847555,344.250
0.000848493,337.649
0.000849431,337.618
0.000850367,337.158
0.000851296,334.418
0.000852234,337.614
0.000853170,336.886
0.000854099,334.423
0.000855028,334.406
0.000855963,336.713
0.000856892,334.410
0.000857821,334.407
0.000858754,335.936
0.000859683,334.414
0.000860621,337.610
0.000861558,337.298
0.000862487,334.413
0.000863416,334.408
0.000864355,338.117
0.000865284,334.421
0.000866213,334.416
0.000867152,338.108
0.000868081,334.460
0.000869010,334.425
0.000869948,337.587
0.000870877,334.429
0.000871805,334.412
0.000872739,335.997
0.000873668,334.411
0.000874597,334.406
0.000875530,336.096
0.000876459,334.412
0.000877388,334.408
0.000878323,336.498
0.000879252,334.423
0.000880181,334.402
0.000881114,335.903
0.000882043,334.420
0.000882972,334.409
0.000883913,338.770
0.000884850,337.625
0.000885779,334.403
0.000886714,336.493
0.000887643,334.420
0.000888572,334.416
0.000889506,336.111
0.000890434,334.419
0.000891376,338.981
0.000892305,334.412
0.000893243,337.621
0.000894176,335.773
0.000895105,334.420
0.000896034,334.456
0.000896968,336.300
0.000897897,334.406
0.000898826,334.411
0.000899760,336.317
0.000900689,334.420
0.000901618,334.399
0.000902553,336.629
0.000903482,334.419
0.000904411,334.412
0.000905344,335.892
0.000906273,334.418
0.000907201,334.402
0.000908143,338.896
0.000909072,334.409
0.000910001,334.408
0.000910936,336.652
0.000911865,334.423
0.000912803,337.610
0.000913735,335.772
0.000914664,334.419
0.000915593,334.408
0.000916532,337.971
0.000917461,334.424
0.000918390,334.407
0.000919324,336.470
0.000920262,337.620
0.000921191,334.414
0.000922124,335.866
0.000923053,334.403
0.000923982,334.448
0.000924916,336.266
0.000925845,334.420
0.000926774,334.408
0.000927711,337.301
0.000928640,334.412
0.000929569,334.413
0.000930502,335.827
0.000931439,337.636
0.000932377,337.618
0.000933306,334.468
0.000934235,334.441
0.000935172,337.354
0.000936110,337.636
0.000937039,334.409
0.000937980,338.614
0.000938909,334.417
0.000939847,337.624
0.000940786,338.099
0.000941715,334.429
0.000942644,334.407
0.000943578,336.337
0.000944507,334.420
0.000945436,334.421
0.000946371,336.754
0.000947300,334.429
0.000948229,334.409
0.000949165,337.062
0.000950094,334.411
0.000951023,334.408
0.000951958,336.674
0.000952887,334.420
0.000953816,334.401
0.000954749,335.891
0.000955678,334.415
0.000956615,337.261
0.000957544,334.423
0.000958473,334.412
0.000959407,336.274
0.000960336,334.416
0.000961265,334.461
0.000962201,336.943
0.000963130,334.423
0.000964059,334.398
0.000964993,336.328
0.000965922,334.422
0.000966851,334.408
0.000967784,335.795
0.000968713,334.408
0.000969642,334.408
0.000970581,338.371
0.000971510,334.421
0.000972448,337.625
0.000973384,336.917
0.000974313,334.425
0.000975242,334.414
0.000976177,336.745
0.000977106,334.413
0.000978035,334.405
0.000978968,335.794
0.000979897,334.414
0.000980826,334.409
0.000981759,335.779
0.000982687,334.409
0.000983616,334.410
0.000984552,336.808
0.000985481,334.421
0.000986410,334.421
0.000987347,337.445
0.000988276,334.427
0.000989205,334.458
0.000990142,337.186
0.000991071,334.423
0.000992009,337.617
0.000992946,337.409
0.000993875,334.420
0.000994804,334.417
0.000995741,337.335
0.000996670,334.423
0.000997599,334.414
0.000998531,335.756
0.000999460,334.417
0.001000389,334.419
0.001001326,337.295
0.001002255,334.414
0.001003184,334.407
0.001004121,337.170
0.001005050,334.423
0.001005978,334.413
0.001006913,336.458
0.001007842,334.422
0.001008771,334.407
0.001009704,335.827
0.001010633,334.421
0.001011562,334.405
0.001012500,337.812
0.001013429,334.417
0.001014358,334.408
0.001015290,335.723
0.001016219,334.412
0.001017148,334.451
0.001018084,336.776
0.001019022,337.630
0.001019951,334.411
0.001020884,335.936
0.001021813,334.421
0.001022742,334.403
0.001023677,336.571
0.001024605,334.424
0.001025534,334.415
0.001026464,334.512
0.001027404,338.570
0.001028333,334.423
0.001029262,334.420
0.001030204,338.987
0.001031133,334.432
0.001032062,334.414
0.001032996,336.479
0.001033925,334.411
0.001034854,334.408
0.001035790,336.920
0.001036728,337.631
0.001037657,334.415
0.001038601,339.845
0.001039530,334.427
0.001040468,337.622
0.001041403,336.700
0.001042332,334.416
0.001043261,334.410
0.001044196,336.815
0.001045125,334.418
0.001046063,337.628
0.001047000,337.132
0.001047928,334.423
0.001048857,334.412
0.001049790,335.888
0.001050719,334.422
0.001051648,334.406
0.001052581,335.794
0.001053510,334.429
0.001054439,334.457
0.001055374,336.718
0.001056303,334.418
0.001057232,334.414
0.001058174,339.107
0.001059103,334.412
0.001060032,334.405
0.001060972,338.326
0.001061901,334.423
0.001062830,334.418
0.001063772,339.155
0.001064701,334.420
0.001065630,334.409
0.001066568,337.957
0.001067497,334.421
0.001068426,334.409
0.001069359,335.891
0.001070288,334.423
0.001071217,334.407
0.001072150,335.779
0.001073079,334.403
0.001074008,334.406
0.001074941,335.985
0.001075870,334.414
0.001076808,337.618
0.001077743,336.520
0.001078680,337.629
0.001079609,334.400
0.001080548,337.978
0.001081477,334.419
0.001082406,334.450
0.001083347,338.680
0.001084276,334.412
0.001085205,334.409
0.001086138,335.938
0.001087067,334.413
0.001087996,334.403
0.001088928,335.789
0.001089857,334.421
0.001090786,334.404
0.001091719,335.878
0.001092648,334.420
0.001093577,334.405
0.001094512,336.539
0.001095450,337.633
0.001096379,334.401
0.001097313,336.344
0.001098242,334.421
0.001099171,334.415
0.001100104,335.905
0.001101033,334.412
0.001101971,337.621
0.001102903,335.783
0.001103832,334.404
0.001104761,334.400
0.001105694,335.780
0.001106623,334.408
0.001107552,334.406
0.001108484,335.778
0.001109413,334.405
0.001110342,334.451
0.001111322,352.583
0.001112251,334.432
0.001113186,336.583
0.001114124,337.625
0.001115061,337.624
0.001115996,336.283
0.001116924,334.409
0.001117853,334.413
0.001118787,336.221
0.001119716,334.465
0.001120685,348.692
0.001121651,347.841
0.001122580,334.430
0.001123522,338.897
0.001124451,334.424
0.001125379,334.404
0.001126314,336.450
0.001127243,334.421
0.001128172,334.412
0.001129109,337.331
0.001130038,334.418
0.001130967,334.410
0.001131903,337.190
0.001132832,334.423
0.001133761,334.409
0.001134698,337.137
0.001135627,334.402
0.001136556,334.412
0.001137488,335.815
0.001138417,334.414
0.001139355,337.617
0.001140294,338.026
0.001141223,334.413
0.001142152,334.414
0.001143091,338.118
0.001144020,334.410
0.001144949,334.409
0.001145884,336.710
0.001146813,334.427
0.001147742,334.503
0.001148680,337.617
0.001149618,337.639
0.001150556,337.622
0.001151489,336.013
0.001152418,334.413
0.001153347,334.406
0.001154280,335.799
0.001155209,334.416
0.001156138,334.407
0.001157071,335.791
0.001158008,337.635
0.001158937,334.405
0.001159871,336.122
0.001160809,337.621
0.001161738,334.406
0.001162679,339.007
0.001163608,334.412
0.001164543,336.570
0.001165472,334.428
0.001166401,334.400
0.001167335,336.086
0.001168264,334.414
0.001169193,334.412
0.001170133,338.716
0.001171062,334.417
0.001171991,334.405
0.001172932,338.774
0.001173861,334.410
0.001174790,334.404
0.001175726,337.022
0.001176655,334.418
0.001177584,334.410
0.001178521,337.433
0.001179450,334.418
0.001180379,334.415
0.001181315,336.869
0.001182244,334.415
0.001183173,334.405
0.001184113,338.307
0.001185042,334.418
0.001185971,334.403
0.001186910,338.318
0.001187848,337.621
0.001188777,334.419
0.001189710,335.824
0.001190648,337.621
0.001191586,337.619
0.001192527,338.993
0.001193456,334.416
0.001194385,334.402
0.001195318,335.770
0.001196247,334.415
0.001197176,334.412
0.001198110,336.521
0.001199039,334.412
0.001199977,337.619
0.001200915,337.775
0.001201844,334.423
0.001202773,334.403
0.001203712,338.003
0.001204641,334.432
0.001205570,334.406
0.001206505,336.455
0.001207434,334.411
0.001208371,337.612
0.001209304,335.929
0.001210233,334.426
0.001211162,334.406
0.001212101,337.756
0.001213030,334.468
0.001213973,339.702
0.001214902,334.417
0.001215831,334.408
0.001216766,336.689
0.001217695,334.414
0.001218624,334.404
0.001219563,337.958
0.001220492,334.427
0.001221421,334.406
0.001222355,336.384
0.001223284,334.417
0.001224213,334.409
0.001225150,337.451
0.001226079,334.417
0.001227013,336.077
0.001227942,334.411
0.001228871,334.409
0.001229804,335.851
0.001230733,334.407
0.001231661,334.402
0.001232595,335.971
0.001233533,337.622
0.001234461,334.408
0.001235398,336.970
0.001236326,334.424
0.001237255,334.402
0.001238189,336.005
0.001239118,334.418
0.001240047,334.406
0.001240982,336.739
0.001241911,334.424
0.001242840,334.409
0.001243780,338.431
0.001244709,334.414
0.001245638,334.408
0.001246571,335.801
0.001247508,337.637
0.001248446,337.609
0.001249386,338.284
0.001250324,337.636
0.001251253,334.403
0.001252191,337.699
0.001253120,334.408
0.001254049,334.402
0.001254983,336.554
0.001255912,334.430
0.001256850,337.607
0.001257787,337.136
0.001258716,334.406
0.001259653,337.605
0.001260586,335.785
0.001261515,334.414
0.001262444,334.406
0.001263377,335.763
0.001264314,337.621
0.001265243,334.417
0.001266176,335.731
0.001267114,337.622
0.001268043,334.412
0.001268984,338.861
0.001269913,334.428
0.001270842,334.405
0.001271775,335.987
0.001272704,334.415
0.001273633,334.406
0.001274566,335.785
0.001275495,334.417
0.001276424,334.408
0.001277362,337.792
0.001278291,334.412
0.001279220,334.402
0.001280155,336.875
0.001281084,334.409
0.001282013,334.409
0.001282952,337.929
0.001283881,334.400
0.001284819,337.612
0.001285754,336.885
0.001286683,334.413
0.001287612,334.409
0.001288552,338.341
0.001289490,337.637
0.001290419,334.407
0.001291352,335.798
0.001292281,334.412
0.001293218,337.609
0.001294151,335.774
0.001295080,334.405
0.001296009,334.409
0.001296943,336.271
0.001297872,334.417
0.001298810,337.611
0.001299752,339.083
0.001300681,334.410
0.001301610,334.410
0.001302545,336.596
0.001303482,337.618
0.001304420,337.626
0.001305362,339.056
0.001306306,339.904
0.001307235,334.429
0.001308164,334.414
0.001309103,337.936
0.001310032,334.430
0.001310961,334.418
0.001311895,336.455
0.001312824,334.418
0.001313753,334.411
0.001314695,338.887
0.001315623,334.413
0.001316552,334.415
0.001317492,338.117
0.001318421,334.430
0.001319358,337.625
0.001320293,336.499
0.001321222,334.422
0.001322151,334.414
0.001323090,338.099
0.001324028,337.619
0.001324957,334.406
0.001325890,335.947
0.001326819,334.402
0.001327757,337.621
0.001328694,337.490
0.001329623,334.414
0.001330552,334.407
0.001331486,336.145
0.001332415,334.423
0.001333344,334.409
0.001334281,337.313
0.001335210,334.422
0.001336139,334.415
0.001337072,336.058
0.001338010,337.634
0.001338939,334.408
0.001339890,342.496
0.001340819,334.426
0.001341757,337.622
0.001342691,336.242
0.001343620,334.420
0.001344549,334.418
0.001345483,336.275
0.001346412,334.417
0.001347341,334.408
0.001348281,338.271
0.001349209,334.423
0.001350138,334.407
0.001351071,335.792
0.001352000,334.413
0.001352929,334.415
0.001353862,335.770
0.001354791,334.423
0.001355720,334.402
0.001356654,336.582
0.001357583,334.427
0.001358512,334.412
0.001359445,335.850
0.001360374,334.404
0.001361312,337.622
0.001362247,336.409
0.001363175,334.427
0.001364104,334.411
0.001365040,336.755
0.001365969,334.420
0.001366898,334.410
0.001367831,335.936
0.001368760,334.415
0.001369689,334.412
0.001370622,335.812
0.001371550,334.419
0.001372485,336.536
0.001373423,337.638
0.001374352,334.406
0.001375293,338.914
0.001376222,334.421
0.001377151,334.402
0.001378085,336.038
0.001379023,337.631
0.001379952,334.408
0.001380884,335.737
0.001381813,334.412
0.001382742,334.408
0.001383676,336.223
0.001384614,337.624
0.001385552,337.614
0.001386486,336.322
0.001387415,334.415
0.001388344,334.402
0.001389278,336.437
0.001390207,334.454
0.001391136,334.411
0.001392070,336.249
0.001392999,334.421
0.001393928,334.409
0.001394863,336.550
0.001395792,334.425
0.001396721,334.409
0.001397654,335.890
0.001398583,334.408
0.001399520,337.412
0.001400449,334.432
0.001401378,334.416
0.001402317,338.162
0.001403246,334.411
0.001404175,334.412
0.001405110,336.535
0.001406039,334.414
0.001406968,334.408
0.001407908,338.605
0.001408846,337.615
0.001409775,334.406
0.001410713,337.661
0.001411651,337.622
0.001412580,334.411
0.001413517,337.489
0.001414455,337.630
0.001415393,337.609
0.001416329,337.182
0.001417258,334.421
0.001418196,337.621
0.001419131,336.587
0.001420060,334.418
0.001420998,337.615
0.001421933,336.446
0.001422861,334.413
0.001423790,334.408
0.001424724,336.033
0.001425653,334.413
0.001426582,334.414
0.001427519,337.562
0.001428457,337.631
0.001429386,334.403
0.001430319,336.007
0.001431248,334.418
0.001432177,334.408
0.001433110,335.812
0.001434039,334.411
0.001434972,335.797
0.001435901,334.408
0.001436830,334.403
0.001437763,336.032
0.001438692,334.409
0.001439630,337.606
0.001440563,335.800
0.001441491,334.411
0.001442420,334.407
0.001443357,337.018
0.001444294,337.627
0.001445223,334.407
0.001446156,335.964
0.001447085,334.419
0.001448023,337.622
0.001448956,335.806
0.001449885,334.420
0.001450823,337.620
0.001451757,336.398
0.001452686,334.412
0.001453615,334.400
0.001454548,335.743
0.001455493,340.333
0.001456498,361.778
0.001457437,337.873
0.001458366,334.442
0.001459294,334.403
0.001460234,338.246
0.001461163,334.416
0.001462092,334.409
0.001463025,335.975
0.001463954,334.413
0.001464883,334.398
0.001465825,339.028
0.001466754,334.412
0.001467683,334.405
0.001468615,335.753
0.001469544,334.414
0.001470473,334.405
0.001471406,335.948
0.001472335,334.424
0.001473264,334.410
0.001474204,338.209
0.001475132,334.427
0.001476061,334.405
0.001477000,337.894
0.001477929,334.417
0.001478858,334.408
0.001479791,335.908
0.001480720,334.415
0.001481649,334.405
0.001482582,335.840
0.001483511,334.463
0.001484440,334.424
0.001485375,336.740
0.001486304,334.420
0.001487233,334.406
0.001488169,336.816
0.001489097,334.417
0.001490026,334.402
0.001490961,336.545
0.001491890,334.421
0.001492819,334.496
0.001493748,334.426
0.001494688,338.212
0.001495617,334.420
0.001496546,334.413
0.001497486,338.531
0.001498415,334.418
0.001499344,334.410
0.001500282,337.841
0.001501211,334.422
0.001502140,334.415
0.001503083,339.551
0.001504012,334.423
0.001504950,337.620
0.001505883,335.971
0.001506812,334.417
0.001507741,334.406
0.001508683,338.993
0.001509612,334.418
0.001510541,334.411
0.001511476,336.758
0.001512405,334.417
0.001513343,337.627
0.001514278,336.783
0.001515207,334.423
0.001516136,334.402
0.001517070,335.974
0.001517999,334.430
0.001518927,334.405
0.001519860,335.818
0.001520789,334.460
0.001521727,337.615
0.001522664,337.150
0.001523593,334.423
0.001524522,334.403
0.001525455,336.020
0.001526384,334.415
0.001527313,334.412
0.001528251,337.661
0.001529189,337.639
0.001530118,334.411
0.001531053,336.713
0.001531982,334.409
0.001532911,334.407
0.001533844,335.914
0.001534782,337.639
0.001535711,334.400
0.001536643,335.807
0.001537581,337.622
0.001538510,334.401
0.001539443,335.779
0.001540372,334.417
0.001541310,337.619
0.001542249,338.031
0.001543177,334.412
0.001544106,334.416
0.001545042,336.823
0.001545971,334.412
0.001546900,334.407
0.001547835,336.495
0.001548764,334.454
0.001549692,334.408
0.001550627,336.302
0.001551556,334.419
0.001552485,334.413
0.001553419,336.401
0.001554348,334.423
0.001555277,334.403
0.001556211,336.146
0.001557139,334.410
0.001558068,334.400
0.001559001,335.830
0.001559930,334.412
0.001560859,334.408
0.001561793,336.265
0.001562722,334.410
0.001563651,334.403
0.001564586,336.490
0.001565523,337.623
0.001566452,334.402
0.001567385,335.896
0.001568314,334.409
0.001569243,334.412
0.001570176,335.792
0.001571105,334.415
0.001572034,334.401
0.001572967,335.783
0.001573896,334.419
0.001574824,334.420
0.001575757,335.764
0.001576686,334.463
0.001577620,336.292
0.001578549,334.415
0.001579478,334.410
0.001580413,336.637
0.001581342,334.438
0.001582271,334.409
0.001583206,336.541
0.001584144,337.640
0.001585073,334.402
0.001586002,334.472
0.001586931,334.430
0.001587869,337.897
0.001588798,334.426
0.001589727,334.400
0.001590716,356.086
0.001591645,334.425
0.001592574,334.406
0.001593516,339.080
0.001594445,334.422
0.001595374,334.404
0.001596309,336.426
0.001597246,337.629
0.001598175,334.406
0.001599111,336.663
0.001600039,334.407
0.001600968,334.411
0.001601909,338.759
0.001602847,337.625
0.001603776,334.409
0.001604713,337.117
0.001605641,334.414
0.001606570,334.415
0.001607503,335.830
0.001608432,334.417
0.001609361,334.409
0.001610294,335.972
0.001611223,334.428
0.001612161,337.612
0.001613094,335.855
0.001614023,334.475
0.001614961,337.631
0.001615896,336.739
0.001616825,334.410
0.001617754,334.417
0.001618697,339.545
0.001619626,334.418
0.001620564,337.619
0.001621499,336.365
0.001622427,334.408
0.001623356,334.417
0.001624290,336.022
0.001625228,337.637
0.001626157,334.406
0.001627098,338.858
0.001628027,334.409
0.001628956,334.415
0.001629897,338.883
0.001630826,334.424
0.001631761,336.417
0.001632689,334.406
0.001633618,334.412
0.001634562,339.696
0.001635491,334.414
0.001636420,334.409
0.001637362,339.074
0.001638291,334.410
0.001639219,334.403
0.001640152,335.884
0.001641090,337.633
0.001642019,334.464
0.001642954,336.397
0.001643892,337.627
0.001644830,337.618
0.001645763,335.918
0.001646692,334.411
0.001647620,334.406
0.001648555,336.524
0.001649484,334.414
0.001650413,334.409
0.001651348,336.598
0.001652277,334.423
0.001653206,334.407
0.001654139,335.882
0.001655068,334.409
0.001655997,334.410
0.001656932,336.720
0.001657861,334.412
0.001658790,334.410
0.001659723,335.749
0.001660652,334.415
0.001661580,334.408
0.001662515,336.340
0.001663444,334.423
0.001664373,334.412
0.001665311,337.829
0.001666240,334.417
0.001667178,337.619
0.001668112,336.487
0.001669041,334.420
0.001669970,334.456
0.001670905,336.315
0.001671834,334.411
0.001672762,334.410
0.001673695,335.888
0.001674624,334.415
0.001675553,334.407
0.001676486,335.745
0.001677415,334.412
0.001678344,334.402
0.001679273,334.477
0.001680202,334.432
0.001681148,340.564
0.001682077,334.420
0.001683006,334.414
0.001683943,337.568
0.001684872,334.423
0.001685801,334.409
0.001686737,336.851
0.001687666,334.418
0.001688595,334.402
0.001689531,337.183
0.001690460,334.418
0.001691389,334.402
0.001692324,336.649
0.001693253,334.417
0.001694182,334.406
0.001695116,335.966
0.001696053,337.637
0.001696982,334.420
0.001697924,338.929
0.001698853,334.424
0.001699786,335.821
0.001700715,334.417
0.001701643,334.408
0.001702577,336.062
0.001703506,334.414
0.001704435,334.417
0.001705370,336.766
0.001706299,334.428
0.001707228,334.477
0.001708171,339.426
0.001709100,334.420
0.001710038,337.629
0.001710973,336.767
0.001711911,337.633
0.001712840,334.407
0.001713773,335.939
0.001714711,337.620
0.001715640,334.408
0.001716576,336.768
0.001717505,334.418
0.001718433,334.406
0.001719366,335.837
0.001720295,334.420
0.001721224,334.408
0.001722168,339.812
0.001723097,334.419
0.001724026,334.407
0.001724959,335.871
0.001725888,334.415
0.001726817,334.413
0.001727750,335.799
0.001728679,334.421
0.001729616,337.626
0.001730552,336.988
0.001731481,334.414
0.001732410,334.408
0.001733343,335.765
0.001734272,334.422
0.001735201,334.449
0.001736135,336.354
0.001737064,334.424
0.001737993,334.415
0.001738933,338.323
0.001739862,334.426
0.001740791,334.413
0.001741726,336.571
0.001742655,334.415
0.001743584,334.411
0.001744517,335.897
0.001745446,334.411
0.001746374,334.410
0.001747307,335.789
0.001748245,337.637
0.001749174,334.412
0.001750107,335.768
0.001751036,334.416
0.001751973,337.619
0.001752906,335.776
0.001753835,334.405
0.001754764,334.401
0.001755702,337.552
0.001756631,334.426
0.001757559,334.408
0.001758493,335.892
0.001759421,334.424
0.001760359,337.610
0.001761292,335.813
0.001762221,334.420
0.001763150,334.469
0.001764084,336.338
0.001765013,334.420
0.001765942,334.409
0.001766875,335.881
0.001767804,334.420
0.001768733,334.408
0.001769666,335.794
0.001770595,334.412
0.001771524,334.411
0.001772453,334.483
0.001773392,338.120
0.001774321,334.423
0.001775250,334.410
0.001776194,339.710
0.001777122,334.420
0.001778051,334.405
0.001778986,336.503
0.001779915,334.417
0.001780844,334.406
0.001781780,337.021
0.001782709,334.424
0.001783638,334.407
0.001784572,336.280
0.001785501,334.423
0.001786439,337.622
0.001787374,336.713
0.001788303,334.411
0.001789232,334.406
0.001790167,336.481
0.001791096,334.449
0.001792025,334.409
0.001792962,337.598
0.001793891,334.410
0.001794820,334.399
0.001795756,336.991
0.001796685,334.420
0.001797614,334.416
0.001798553,338.066
0.001799482,334.420
0.001800411,334.502
0.001801347,336.728
0.001802276,334.419
0.001803205,334.411
0.001804142,337.433
0.001805080,337.621
0.001806009,334.403
0.001806946,337.408
0.001807875,334.407
0.001808804,334.416
0.001809739,336.652
0.001810668,334.422
0.001811597,334.410
0.001812535,337.891
0.001813464,334.410
0.001814393,334.406
0.001815326,335.839
0.001816255,334.416
0.001817184,334.407
0.001818120,337.062
0.001819049,334.423
0.001819978,334.413
0.001820912,336.384
0.001821841,334.419
0.001822770,334.409
0.001823707,337.054
0.001824635,334.411
0.001825564,334.405
0.001826499,336.526
0.001827428,334.423
0.001828357,334.445
0.001829291,336.349
0.001830220,334.412
0.001831149,334.406
0.001832099,341.809
0.001833028,334.437
0.001833957,334.410
0.001834891,336.313
0.001835820,334.414
0.001836749,334.405
0.001837682,335.867
0.001838620,337.631
0.001839548,334.408
0.001840481,335.821
0.001841410,334.417
0.001842339,334.399
0.001843274,336.591
0.001844203,334.415
0.001845132,334.405
0.001846066,336.181
0.001846995,334.409
0.001847924,334.414
0.001848865,338.812
0.001849794,334.427
0.001850723,334.406
0.001851665,339.355
0.001852594,334.414
0.001853527,335.873
0.001854456,334.419
0.001855385,334.405
0.001856320,336.524
0.001857249,334.418
0.001858178,334.409
0.001859113,336.643
0.001860051,337.624
0.001860980,334.414
0.001861920,338.738
0.001862858,337.629
0.001863787,334.410
0.001864721,336.292
