block,first_iter,iters,elapsed_ns,avg_ns,mismatches
0,0,100000,33516390,335.164,0
1,100000,100000,33562837,335.628,0
2,200000,100000,33601854,336.019,0
3,300000,100000,33616506,336.165,0
4,400000,100000,33659257,336.593,0
5,500000,100000,33472668,334.727,0
6,600000,100000,33536814,335.368,0
7,700000,100000,33479287,334.793,0
8,800000,100000,33464364,334.644,0
9,900000,100000,33529062,335.291,0
10,1000000,100000,33474337,334.743,0
11,1100000,100000,33654540,336.545,0
12,1200000,100000,33516822,335.168,0
13,1300000,100000,33499975,335.000,0
14,1400000,100000,33558672,335.587,0
15,1500000,100000,33517716,335.177,0
16,1600000,100000,33494725,334.947,0
17,1700000,100000,33615426,336.154,0
18,1800000,100000,33568392,335.684,0
19,1900000,100000,33504067,335.041,0
20,2000000,100000,33471732,334.717,0
21,2100000,100000,33656040,336.560,0
22,2200000,100000,33484093,334.841,0
23,2300000,100000,33627654,336.277,0
24,2400000,100000,33723240,337.232,0
25,2500000,100000,33660919,336.609,0
26,2600000,100000,33465996,334.660,0
27,2700000,100000,33498510,334.985,0
28,2800000,100000,33517429,335.174,0
29,2900000,100000,33613902,336.139,0
30,3000000,100000,33499158,334.992,0
31,3100000,100000,33474193,334.742,0
32,3200000,100000,33463212,334.632,0
33,3300000,100000,33483480,334.835,0
34,3400000,100000,33472813,334.728,0
35,3500000,100000,33594918,335.949,0
36,3600000,100000,34152462,341.525,0
37,3700000,100000,33554077,335.541,0
38,3800000,100000,33514692,335.147,0
39,3900000,100000,33473112,334.731,0
40,4000000,100000,33567817,335.678,0
41,4100000,100000,33669444,336.694,0
42,4200000,100000,33470106,334.701,0
43,4300000,100000,33565897,335.659,0
44,4400000,100000,33473562,334.736,0
45,4500000,100000,33471972,334.720,0
46,4600000,100000,33554773,335.548,0
47,4700000,100000,33580584,335.806,0
48,4800000,100000,33462798,334.628,0
49,4900000,100000,33575719,335.757,0
50,5000000,100000,33564258,335.643,0
51,5100000,100000,33629802,336.298,0
52,5200000,100000,33490051,334.901,0
53,5300000,100000,33646536,336.465,0
54,5400000,100000,33474102,334.741,0
55,5500000,100000,33577543,335.775,0
56,5600000,100000,33474042,334.740,0
57,5700000,100000,33464310,334.643,0
58,5800000,100000,33580987,335.810,0
59,5900000,100000,33565068,335.651,0
60,6000000,100000,33690228,336.902,0
61,6100000,100000,33483535,334.835,0
62,6200000,100000,33525774,335.258,0
63,6300000,100000,33578112,335.781,0
64,6400000,100000,33558985,335.590,0
65,6500000,100000,33475170,334.752,0
66,6600000,100000,33577806,335.778,0
67,6700000,100000,33464377,334.644,0
68,6800000,100000,33471762,334.718,0
69,6900000,100000,33476724,334.767,0
70,7000000,100000,33566965,335.670,0
71,7100000,100000,33558810,335.588,0
72,7200000,100000,33481338,334.813,0
73,7300000,100000,33612757,336.128,0
74,7400000,100000,33559626,335.596,0
75,7500000,100000,33574524,335.745,0
76,7600000,100000,33621001,336.210,0
77,7700000,100000,33469818,334.698,0
78,7800000,100000,33473646,334.736,0
79,7900000,100000,33470749,334.707,0
80,8000000,100000,33568950,335.690,0
81,8100000,100000,33566694,335.667,0
82,8200000,100000,33632137,336.321,0
83,8300000,100000,33491724,334.917,0
84,8400000,100000,33688422,336.884,0
85,8500000,100000,33467497,334.675,0
86,8600000,100000,33578358,335.784,0
87,8700000,100000,33463812,334.638,0
88,8800000,100000,33559687,335.597,0
89,8900000,100000,33576252,335.763,0
90,9000000,100000,33634608,336.346,0
91,9100000,100000,33463483,334.635,0
92,9200000,100000,33481512,334.815,0
93,9300000,100000,33470094,334.701,0
94,9400000,100000,33506995,335.070,0
95,9500000,100000,33566982,335.670,0
96,9600000,100000,33558606,335.586,0
97,9700000,100000,33481237,334.812,0
98,9800000,100000,33548316,335.483,0
99,9900000,100000,33471876,334.719,0
100,10000000,100000,33512191,335.122,0
101,10100000,100000,33512718,335.127,0
102,10200000,100000,33564636,335.646,0
103,10300000,100000,33568777,335.688,0
104,10400000,100000,33471642,334.716,0
105,10500000,100000,33463374,334.634,0
106,10600000,100000,33575851,335.759,0
107,10700000,100000,33530754,335.308,0
108,10800000,100000,33575466,335.755,0
109,10900000,100000,33470581,334.706,0
110,11000000,100000,33538638,335.386,0
111,11100000,100000,33488418,334.884,0
112,11200000,100000,33463669,334.637,0
113,11300000,100000,33472770,334.728,0
114,11400000,100000,33473166,334.732,0
115,11500000,100000,33475459,334.755,0
116,11600000,100000,33463476,334.635,0
117,11700000,100000,33484272,334.843,0
118,11800000,100000,33473101,334.731,0
119,11900000,100000,33464886,334.649,0
120,12000000,100000,33481440,334.814,0
121,12100000,100000,33463699,334.637,0
122,12200000,100000,33513912,335.139,0
123,12300000,100000,33576930,335.769,0
124,12400000,100000,33470947,334.709,0
125,12500000,100000,33463626,334.636,0
126,12600000,100000,33575856,335.759,0
127,12700000,100000,33565003,335.650,0
128,12800000,100000,33474150,334.741,0
129,12900000,100000,33566772,335.668,0
130,13000000,100000,33463993,334.640,0
131,13100000,100000,33577056,335.771,0
132,13200000,100000,33463734,334.637,0
133,13300000,100000,33471919,334.719,0
134,13400000,100000,33574752,335.748,0
135,13500000,100000,33464490,334.645,0
136,13600000,100000,33479623,334.796,0
137,13700000,100000,33570000,335.700,0
138,13800000,100000,33471942,334.719,0
139,13900000,100000,33550153,335.502,0
140,14000000,100000,33481794,334.818,0
141,14100000,100000,33533568,335.336,0
142,14200000,100000,33472741,334.727,0
143,14300000,100000,33569142,335.691,0
144,14400000,100000,33636210,336.362,0
145,14500000,100000,33577687,335.777,0
146,14600000,100000,33689244,336.892,0
147,14700000,100000,33526440,335.264,0
148,14800000,100000,33568663,335.687,0
149,14900000,100000,33518328,335.183,0
150,15000000,100000,33463632,334.636,0
151,15100000,100000,33481201,334.812,0
152,15200000,100000,33565152,335.652,0
153,15300000,100000,33465216,334.652,0
154,15400000,100000,33480793,334.808,0
155,15500000,100000,33464724,334.647,0
156,15600000,100000,33471666,334.717,0
157,15700000,100000,33663307,336.633,0
158,15800000,100000,33471552,334.716,0
159,15900000,100000,33479448,334.794,0
160,16000000,100000,33654181,336.542,0
161,16100000,100000,33469938,334.699,0
162,16200000,100000,33480192,334.802,0
163,16300000,100000,33473293,334.733,0
164,16400000,100000,33464082,334.641,0
165,16500000,100000,33579990,335.800,0
166,16600000,100000,33464029,334.640,0
167,16700000,100000,33474600,334.746,0
168,16800000,100000,33574926,335.749,0
169,16900000,100000,33516391,335.164,0
170,17000000,100000,33469860,334.699,0
171,17100000,100000,33473652,334.737,0
172,17200000,100000,33605521,336.055,0
173,17300000,100000,33597732,335.977,0
174,17400000,100000,33481872,334.819,0
175,17500000,100000,33562507,335.625,0
176,17600000,100000,33518934,335.189,0
177,17700000,100000,33565320,335.653,0
178,17800000,100000,33560593,335.606,0
179,17900000,100000,33489726,334.897,0
180,18000000,100000,33464160,334.642,0
181,18100000,100000,33470971,334.710,0
182,18200000,100000,33568428,335.684,0
183,18300000,100000,33471354,334.714,0
184,18400000,100000,33463369,334.634,0
185,18500000,100000,33481302,334.813,0
186,18600000,100000,33469746,334.697,0
187,18700000,100000,33464845,334.648,0
188,18800000,100000,33576324,335.763,0
189,18900000,100000,33508062,335.081,0
190,19000000,100000,33607759,336.078,0
191,19100000,100000,33476874,334.769,0
192,19200000,100000,33476112,334.761,0
193,19300000,100000,33577147,335.771,0
194,19400000,100000,33502308,335.023,0
195,19500000,100000,33568152,335.682,0
196,19600000,100000,33486067,334.861,0
197,19700000,100000,33513918,335.139,0
198,19800000,100000,33466560,334.666,0
199,19900000,100000,33484609,334.846,0
200,20000000,100000,33463428,334.634,0
201,20100000,100000,33601332,336.013,0
202,20200000,100000,33576097,335.761,0
203,20300000,100000,33568068,335.681,0
204,20400000,100000,33474132,334.741,0
205,20500000,100000,33474619,334.746,0
206,20600000,100000,33531384,335.314,0
207,20700000,100000,33558696,335.587,0
208,20800000,100000,33481729,334.817,0
209,20900000,100000,33463200,334.632,0
210,21000000,100000,33481146,334.811,0
211,21100000,100000,33564313,335.643,0
212,21200000,100000,33464754,334.648,0
213,21300000,100000,33481308,334.813,0
214,21400000,100000,33463681,334.637,0
215,21500000,100000,33486708,334.867,0
216,21600000,100000,33488274,334.883,0
217,21700000,100000,33567451,335.675,0
218,21800000,100000,33641094,336.411,0
219,21900000,100000,33482664,334.827,0
220,22000000,100000,33564937,335.649,0
221,22100000,100000,33465036,334.650,0
222,22200000,100000,33506778,335.068,0
223,22300000,100000,33559195,335.592,0
224,22400000,100000,33566646,335.666,0
225,22500000,100000,33568518,335.685,0
226,22600000,100000,33628747,336.287,0
227,22700000,100000,33478542,334.785,0
228,22800000,100000,33504024,335.040,0
229,22900000,100000,33542509,335.425,0
230,23000000,100000,33569004,335.690,0
231,23100000,100000,33567342,335.673,0
232,23200000,100000,33503599,335.036,0
233,23300000,100000,33484098,334.841,0
234,23400000,100000,33466896,334.669,0
235,23500000,100000,33474541,334.745,0
236,23600000,100000,33483192,334.832,0
237,23700000,100000,33521502,335.215,0
238,23800000,100000,33565315,335.653,0
239,23900000,100000,33570468,335.705,0
240,24000000,100000,33471408,334.714,0
241,24100000,100000,33576499,335.765,0
242,24200000,100000,33567546,335.675,0
243,24300000,100000,33558324,335.583,0
244,24400000,100000,33490747,334.907,0
245,24500000,100000,33607974,336.080,0
246,24600000,100000,33464256,334.643,0
247,24700000,100000,33481051,334.811,0
248,24800000,100000,33463542,334.635,0
249,24900000,100000,33518886,335.189,0
250,25000000,100000,33473527,334.735,0
251,25100000,100000,33547578,335.476,0
252,25200000,100000,33463860,334.639,0
253,25300000,100000,33480961,334.810,0
254,25400000,100000,33469230,334.692,0
255,25500000,100000,33502662,335.027,0
256,25600000,100000,33480163,334.802,0
257,25700000,100000,33558150,335.582,0
258,25800000,100000,33481746,334.817,0
259,25900000,100000,33497467,334.975,0
260,26000000,100000,33566514,335.665,0
261,26100000,100000,33574830,335.748,0
262,26200000,100000,33465769,334.658,0
263,26300000,100000,33554064,335.541,0
264,26400000,100000,33665808,336.658,0
265,26500000,100000,33520711,335.207,0
266,26600000,100000,33463512,334.635,0
267,26700000,100000,33481830,334.818,0
268,26800000,100000,33471775,334.718,0
269,26900000,100000,33474468,334.745,0
270,27000000,100000,33480372,334.804,0
271,27100000,100000,33535159,335.352,0
272,27200000,100000,33565338,335.653,0
273,27300000,100000,33473526,334.735,0
274,27400000,100000,33536665,335.367,0
275,27500000,100000,33599892,335.999,0
276,27600000,100000,33508752,335.088,0
277,27700000,100000,33520891,335.209,0
278,27800000,100000,33480660,334.807,0
279,27900000,100000,33512490,335.125,0
280,28000000,100000,33636625,336.366,0
281,28100000,100000,33576042,335.760,0
282,28200000,100000,33463242,334.632,0
283,28300000,100000,33470677,334.707,0
284,28400000,100000,33568080,335.681,0
285,28500000,100000,33545352,335.454,0
286,28600000,100000,33503167,335.032,0
287,28700000,100000,33576174,335.762,0
288,28800000,100000,33469452,334.695,0
289,28900000,100000,33559057,335.591,0
290,29000000,100000,33481086,334.811,0
291,29100000,100000,33625572,336.256,0
292,29200000,100000,33583015,335.830,0
293,29300000,100000,33463182,334.632,0
294,29400000,100000,33486618,334.866,0
295,29500000,100000,33600013,336.000,0
296,29600000,100000,33511338,335.113,0
297,29700000,100000,33469596,334.696,0
298,29800000,100000,33569251,335.693,0
299,29900000,100000,33471510,334.715,0
300,30000000,100000,33463368,334.634,0
301,30100000,100000,33481351,334.814,0
302,30200000,100000,33535470,335.355,0
303,30300000,100000,33566916,335.669,0
304,30400000,100000,33669661,336.697,0
305,30500000,100000,33528786,335.288,0
306,30600000,100000,33480576,334.806,0
307,30700000,100000,33463003,334.630,0
308,30800000,100000,33566772,335.668,0
309,30900000,100000,33473730,334.737,0
310,31000000,100000,33471241,334.712,0
311,31100000,100000,33538236,335.382,0
312,31200000,100000,33595470,335.955,0
313,31300000,100000,33469393,334.694,0
314,31400000,100000,33464208,334.642,0
315,31500000,100000,33528240,335.282,0
316,31600000,100000,33475681,334.757,0
317,31700000,100000,33560964,335.610,0
318,31800000,100000,33501270,335.013,0
319,31900000,100000,33472657,334.727,0
320,32000000,100000,33664812,336.648,0
321,32100000,100000,33519912,335.199,0
322,32200000,100000,33634339,336.343,0
323,32300000,100000,33481530,334.815,0
324,32400000,100000,33571716,335.717,0
325,32500000,100000,33561445,335.614,0
326,32600000,100000,33484182,334.842,0
327,32700000,100000,33466794,334.668,0
328,32800000,100000,33473593,334.736,0
329,32900000,100000,33575634,335.756,0
330,33000000,100000,33464514,334.645,0
331,33100000,100000,33469885,334.699,0
332,33200000,100000,33569274,335.693,0
333,33300000,100000,33566820,335.668,0
334,33400000,100000,33462997,334.630,0
335,33500000,100000,33481050,334.810,0
336,33600000,100000,33524220,335.242,0
337,33700000,100000,33472183,334.722,0
338,33800000,100000,33479556,334.796,0
339,33900000,100000,33527124,335.271,0
340,34000000,100000,33671467,336.715,0
341,34100000,100000,33558834,335.588,0
342,34200000,100000,33471444,334.714,0
343,34300000,100000,33473593,334.736,0
344,34400000,100000,33601422,336.014,0
345,34500000,100000,33513192,335.132,0
346,34600000,100000,33608251,336.083,0
347,34700000,100000,33473076,334.731,0
348,34800000,100000,33603264,336.033,0
349,34900000,100000,33484693,334.847,0
350,35000000,100000,33560802,335.608,0
351,35100000,100000,33472914,334.729,0
352,35200000,100000,33603055,336.031,0
353,35300000,100000,33499860,334.999,0
354,35400000,100000,33580740,335.807,0
355,35500000,100000,33559201,335.592,0
356,35600000,100000,33624660,336.247,0
357,35700000,100000,33474786,334.748,0
358,35800000,100000,33471781,334.718,0
359,35900000,100000,33559062,335.591,0
360,36000000,100000,33481092,334.811,0
361,36100000,100000,33512683,335.127,0
362,36200000,100000,33567504,335.675,0
363,36300000,100000,33479448,334.794,0
364,36400000,100000,33520213,335.202,0
365,36500000,100000,33469812,334.698,0
366,36600000,100000,33475164,334.752,0
367,36700000,100000,33539239,335.392,0
368,36800000,100000,33467232,334.672,0
369,36900000,100000,33577266,335.773,0
370,37000000,100000,33529741,335.297,0
371,37100000,100000,33582720,335.827,0
372,37200000,100000,33470892,334.709,0
373,37300000,100000,33471679,334.717,0
374,37400000,100000,33674154,336.742,0
375,37500000,100000,33464148,334.641,0
376,37600000,100000,33647617,336.476,0
377,37700000,100000,33473112,334.731,0
378,37800000,100000,33471144,334.711,0
379,37900000,100000,33549043,335.490,0
380,38000000,100000,33576876,335.769,0
381,38100000,100000,33470268,334.703,0
382,38200000,100000,33726271,337.263,0
383,38300000,100000,33581238,335.812,0
384,38400000,100000,33464616,334.646,0
385,38500000,100000,33510979,335.110,0
386,38600000,100000,33463572,334.636,0
387,38700000,100000,33569598,335.696,0
388,38800000,100000,33766981,337.670,0
389,38900000,100000,33548430,335.484,0
390,39000000,100000,33521706,335.217,0
391,39100000,100000,33571375,335.714,0
392,39200000,100000,33472788,334.728,0
393,39300000,100000,33466332,334.663,0
394,39400000,100000,33672307,336.723,0
395,39500000,100000,33462978,334.630,0
396,39600000,100000,33566436,335.664,0
397,39700000,100000,33479269,334.793,0
398,39800000,100000,33464322,334.643,0
399,39900000,100000,33490158,334.902,0
400,40000000,100000,33464011,334.640,0
401,40100000,100000,33531456,335.315,0
402,40200000,100000,33568650,335.687,0
403,40300000,100000,33608791,336.088,0
404,40400000,100000,33463086,334.631,0
405,40500000,100000,33575442,335.754,0
406,40600000,100000,33469363,334.694,0
407,40700000,100000,33464058,334.641,0
408,40800000,100000,33494688,334.947,0
409,40900000,100000,33463093,334.631,0
410,41000000,100000,33471432,334.714,0
411,41100000,100000,33474138,334.741,0
412,41200000,100000,33567151,335.672,0
413,41300000,100000,33556860,335.569,0
414,41400000,100000,33671874,336.719,0
415,41500000,100000,33538207,335.382,0
416,41600000,100000,33474156,334.742,0
417,41700000,100000,33566520,335.665,0
418,41800000,100000,33616219,336.162,0
419,41900000,100000,33672120,336.721,0
420,42000000,100000,33463368,334.634,0
421,42100000,100000,33566341,335.663,0
422,42200000,100000,33669654,336.697,0
423,42300000,100000,33517782,335.178,0
424,42400000,100000,33469381,334.694,0
425,42500000,100000,33480264,334.803,0
426,42600000,100000,33473040,334.730,0
427,42700000,100000,33558913,335.589,0
428,42800000,100000,33481560,334.816,0
429,42900000,100000,33463488,334.635,0
430,43000000,100000,33576415,335.764,0
431,43100000,100000,33470754,334.708,0
432,43200000,100000,33618858,336.189,0
433,43300000,100000,33480325,334.803,0
434,43400000,100000,33463434,334.634,0
435,43500000,100000,33470820,334.708,0
436,43600000,100000,33472723,334.727,0
437,43700000,100000,33613110,336.131,0
438,43800000,100000,33463086,334.631,0
439,43900000,100000,33575995,335.760,0
440,44000000,100000,33469908,334.699,0
441,44100000,100000,33560466,335.605,0
442,44200000,100000,33550453,335.505,0
443,44300000,100000,33619542,336.195,0
444,44400000,100000,33565266,335.653,0
445,44500000,100000,33568003,335.680,0
446,44600000,100000,33471498,334.715,0
447,44700000,100000,33479454,334.795,0
448,44800000,100000,33464653,334.647,0
449,44900000,100000,33564300,335.643,0
450,45000000,100000,33473574,334.736,0
451,45100000,100000,33620779,336.208,0
452,45200000,100000,33542682,335.427,0
453,45300000,100000,33483000,334.830,0
454,45400000,100000,33463807,334.638,0
455,45500000,100000,33567198,335.672,0
456,45600000,100000,33574686,335.747,0
457,45700000,100000,33464785,334.648,0
458,45800000,100000,33469554,334.696,0
459,45900000,100000,33472746,334.727,0
460,46000000,100000,33566551,335.666,0
461,46100000,100000,33558654,335.587,0
462,46200000,100000,33480594,334.806,0
463,46300000,100000,33462619,334.626,0
464,46400000,100000,33575748,335.757,0
465,46500000,100000,33468738,334.687,0
466,46600000,100000,33621151,336.212,0
467,46700000,100000,33578748,335.787,0
468,46800000,100000,33509262,335.093,0
469,46900000,100000,33521263,335.213,0
470,47000000,100000,33569004,335.690,0
471,47100000,100000,33548958,335.490,0
472,47200000,100000,33463345,334.633,0
473,47300000,100000,33513144,335.131,0
474,47400000,100000,33473724,334.737,0
475,47500000,100000,33561355,335.614,0
476,47600000,100000,33606132,336.061,0
477,47700000,100000,33528534,335.285,0
478,47800000,100000,33490603,334.906,0
479,47900000,100000,33559860,335.599,0
480,48000000,100000,33472056,334.721,0
481,48100000,100000,33479863,334.799,0
482,48200000,100000,33601902,336.019,0
483,48300000,100000,33565086,335.651,0
484,48400000,100000,33473269,334.733,0
485,48500000,100000,33471132,334.711,0
486,48600000,100000,33463404,334.634,0
487,48700000,100000,33576631,335.766,0
488,48800000,100000,33463236,334.632,0
489,48900000,100000,33566760,335.668,0
490,49000000,100000,33487891,334.879,0
491,49100000,100000,33559398,335.594,0
492,49200000,100000,33469710,334.697,0
493,49300000,100000,33476917,334.769,0
494,49400000,100000,33472170,334.722,0
495,49500000,100000,33662934,336.629,0
496,49600000,100000,33471943,334.719,0
497,49700000,100000,33533928,335.339,0
498,49800000,100000,33480894,334.809,0
499,49900000,100000,33469609,334.696,0
500,50000000,100000,33518238,335.182,0
501,50100000,100000,33588132,335.881,0
502,50200000,100000,33560797,335.608,0
503,50300000,100000,33523536,335.235,0
504,50400000,100000,33506952,335.070,0
505,50500000,100000,33475987,334.760,0
506,50600000,100000,33466008,334.660,0
507,50700000,100000,33579822,335.798,0
508,50800000,100000,33470185,334.702,0
509,50900000,100000,33467262,334.673,0
510,51000000,100000,33483234,334.832,0
511,51100000,100000,33527143,335.271,0
512,51200000,100000,33484224,334.842,0
513,51300000,100000,33463518,334.635,0
514,51400000,100000,33541183,335.412,0
515,51500000,100000,33574134,335.741,0
516,51600000,100000,33464130,334.641,0
517,51700000,100000,33470005,334.700,0
518,51800000,100000,33663906,336.639,0
519,51900000,100000,33520836,335.208,0
520,52000000,100000,33463501,334.635,0
521,52100000,100000,33494526,334.945,0
522,52200000,100000,33516816,335.168,0
523,52300000,100000,33471295,334.713,0
524,52400000,100000,33478734,334.787,0
525,52500000,100000,33559266,335.593,0
526,52600000,100000,33469597,334.696,0
527,52700000,100000,33473856,334.739,0
528,52800000,100000,33471576,334.716,0
529,52900000,100000,33569863,335.699,0
530,53000000,100000,33481992,334.820,0
531,53100000,100000,33534570,335.346,0
532,53200000,100000,33484249,334.842,0
533,53300000,100000,33471318,334.713,0
534,53400000,100000,33467982,334.680,0
535,53500000,100000,33481909,334.819,0
536,53600000,100000,33463968,334.640,0
537,53700000,100000,33566952,335.670,0
538,53800000,100000,33490891,334.909,0
539,53900000,100000,33523662,335.237,0
540,54000000,100000,33463782,334.638,0
541,54100000,100000,33586597,335.866,0
542,54200000,100000,33469728,334.697,0
543,54300000,100000,33465066,334.651,0
544,54400000,100000,33481459,334.815,0
545,54500000,100000,33463644,334.636,0
546,54600000,100000,33471318,334.713,0
547,54700000,100000,33505339,335.053,0
548,54800000,100000,33471612,334.716,0
549,54900000,100000,33479604,334.796,0
550,55000000,100000,33465121,334.651,0
551,55100000,100000,33468888,334.689,0
552,55200000,100000,33568998,335.690,0
553,55300000,100000,33471709,334.717,0
554,55400000,100000,33463104,334.631,0
555,55500000,100000,33577410,335.774,0
556,55600000,100000,33566713,335.667,0
557,55700000,100000,33474084,334.741,0
558,55800000,100000,33575268,335.753,0
559,55900000,100000,33464965,334.650,0
560,56000000,100000,33471192,334.712,0
561,56100000,100000,33559116,335.591,0
562,56200000,100000,33631579,336.316,0
563,56300000,100000,33464178,334.642,0
564,56400000,100000,33481698,334.817,0
565,56500000,100000,33558325,335.583,0
566,56600000,100000,33481008,334.810,0
567,56700000,100000,33565422,335.654,0
568,56800000,100000,33632971,336.330,0
569,56900000,100000,33576132,335.761,0
570,57000000,100000,33510426,335.104,0
571,57100000,100000,33600733,336.007,0
572,57200000,100000,33663612,336.636,0
573,57300000,100000,33472440,334.724,0
574,57400000,100000,33558721,335.587,0
575,57500000,100000,33576558,335.766,0
576,57600000,100000,33469608,334.696,0
577,57700000,100000,33558751,335.588,0
578,57800000,100000,33481530,334.815,0
579,57900000,100000,33463530,334.635,0
580,58000000,100000,33481867,334.819,0
581,58100000,100000,33500196,335.002,0
582,58200000,100000,33471582,334.716,0
583,58300000,100000,33488059,334.881,0
584,58400000,100000,33464844,334.648,0
585,58500000,100000,33641532,336.415,0
586,58600000,100000,33474865,334.749,0
587,58700000,100000,33520602,335.206,0
588,58800000,100000,33545952,335.460,0
589,58900000,100000,33608833,336.088,0
590,59000000,100000,33468834,334.688,0
591,59100000,100000,33473754,334.738,0
592,59200000,100000,33483979,334.840,0
593,59300000,100000,33465594,334.656,0
594,59400000,100000,33472830,334.728,0
595,59500000,100000,33474055,334.741,0
596,59600000,100000,33566664,335.667,0
597,59700000,100000,33663846,336.638,0
598,59800000,100000,33471247,334.712,0
599,59900000,100000,33559086,335.591,0
600,60000000,100000,33480498,334.805,0
601,60100000,100000,33469573,334.696,0
602,60200000,100000,33560298,335.603,0
603,60300000,100000,33496554,334.966,0
604,60400000,100000,33593359,335.934,0
605,60500000,100000,33471852,334.719,0
606,60600000,100000,33590316,335.903,0
607,60700000,100000,33471949,334.719,0
608,60800000,100000,33463500,334.635,0
609,60900000,100000,33518136,335.181,0
610,61000000,100000,33471181,334.712,0
611,61100000,100000,33594726,335.947,0
612,61200000,100000,33576216,335.762,0
613,61300000,100000,33463741,334.637,0
614,61400000,100000,33509502,335.095,0
615,61500000,100000,33553002,335.530,0
616,61600000,100000,33624157,336.242,0
617,61700000,100000,33575148,335.751,0
618,61800000,100000,33464154,334.642,0
619,61900000,100000,33469891,334.699,0
620,62000000,100000,33531090,335.311,0
621,62100000,100000,33578334,335.783,0
622,62200000,100000,33646897,336.469,0
623,62300000,100000,33482196,334.822,0
624,62400000,100000,33618636,336.186,0
625,62500000,100000,33507145,335.071,0
626,62600000,100000,33576150,335.762,0
627,62700000,100000,33559710,335.597,0
628,62800000,100000,33485485,334.855,0
629,62900000,100000,33558990,335.590,0
630,63000000,100000,33471924,334.719,0
631,63100000,100000,33482401,334.824,0
632,63200000,100000,33567108,335.671,0
633,63300000,100000,33558444,335.584,0
634,63400000,100000,33576571,335.766,0
635,63500000,100000,33478056,334.781,0
636,63600000,100000,33466266,334.663,0
637,63700000,100000,33503461,335.035,0
638,63800000,100000,33519438,335.194,0
639,63900000,100000,33510966,335.110,0
640,64000000,100000,33568153,335.682,0
641,64100000,100000,33471996,334.720,0
642,64200000,100000,33463122,334.631,0
643,64300000,100000,33576457,335.765,0
644,64400000,100000,33469728,334.697,0
645,64500000,100000,33477678,334.777,0
646,64600000,100000,33471289,334.713,0
647,64700000,100000,33463206,334.632,0
648,64800000,100000,33481434,334.814,0
649,64900000,100000,33464461,334.645,0
650,65000000,100000,33547998,335.480,0
651,65100000,100000,33573852,335.739,0
652,65200000,100000,33468889,334.689,0
653,65300000,100000,33471420,334.714,0
654,65400000,100000,33474510,334.745,0
655,65500000,100000,33472129,334.721,0
656,65600000,100000,33600912,336.009,0
657,65700000,100000,33577050,335.771,0
658,65800000,100000,33558085,335.581,0
659,65900000,100000,33506784,335.068,0
660,66000000,100000,33478428,334.784,0
661,66100000,100000,33485107,334.851,0
662,66200000,100000,33583200,335.832,0
663,66300000,100000,33515028,335.150,0
664,66400000,100000,33567649,335.676,0
665,66500000,100000,33583680,335.837,0
666,66600000,100000,33473586,334.736,0
667,66700000,100000,33464059,334.641,0
668,66800000,100000,33484050,334.841,0
669,66900000,100000,33471612,334.716,0
670,67000000,100000,33593863,335.939,0
671,67100000,100000,33483366,334.834,0
672,67200000,100000,33558768,335.588,0
673,67300000,100000,33481681,334.817,0
674,67400000,100000,33558348,335.583,0
675,67500000,100000,33566526,335.665,0
676,67600000,100000,33479095,334.791,0
677,67700000,100000,33559458,335.595,0
678,67800000,100000,33469560,334.696,0
679,67900000,100000,33569245,335.692,0
680,68000000,100000,33549288,335.493,0
681,68100000,100000,33561618,335.616,0
682,68200000,100000,33483973,334.840,0
683,68300000,100000,33463422,334.634,0
684,68400000,100000,33471912,334.719,0
685,68500000,100000,33485629,334.856,0
686,68600000,100000,33628332,336.283,0
687,68700000,100000,33469686,334.697,0
688,68800000,100000,33564259,335.643,0
689,68900000,100000,33474372,334.744,0
690,69000000,100000,33473580,334.736,0
691,69100000,100000,33510871,335.109,0
692,69200000,100000,33466062,334.661,0
693,69300000,100000,33506304,335.063,0
694,69400000,100000,33567475,335.675,0
695,69500000,100000,33466992,334.670,0
696,69600000,100000,33576888,335.769,0
697,69700000,100000,33465919,334.659,0
698,69800000,100000,33568272,335.683,0
699,69900000,100000,33506106,335.061,0
700,70000000,100000,33527863,335.279,0
701,70100000,100000,33553728,335.537,0
702,70200000,100000,33580926,335.809,0
703,70300000,100000,33469339,334.693,0
704,70400000,100000,33473886,334.739,0
705,70500000,100000,33565206,335.652,0
706,70600000,100000,33463243,334.632,0
707,70700000,100000,33576318,335.763,0
708,70800000,100000,33503028,335.030,0
709,70900000,100000,33583567,335.836,0
710,71000000,100000,33576690,335.767,0
711,71100000,100000,33467772,334.678,0
712,71200000,100000,33471151,334.712,0
713,71300000,100000,33667440,336.674,0
714,71400000,100000,33576540,335.765,0
715,71500000,100000,33559561,335.596,0
716,71600000,100000,33576144,335.761,0
717,71700000,100000,33463614,334.636,0
718,71800000,100000,33567139,335.671,0
719,71900000,100000,33574206,335.742,0
720,72000000,100000,33559248,335.592,0
721,72100000,100000,33480211,334.802,0
722,72200000,100000,33463434,334.634,0
723,72300000,100000,33470922,334.709,0
724,72400000,100000,33686443,336.864,0
725,72500000,100000,33471942,334.719,0
726,72600000,100000,33463338,334.633,0
727,72700000,100000,33498181,334.982,0
728,72800000,100000,33469998,334.700,0
729,72900000,100000,33559494,335.595,0
730,73000000,100000,33480763,334.808,0
731,73100000,100000,33559098,335.591,0
732,73200000,100000,33470550,334.705,0
733,73300000,100000,33500755,335.008,0
734,73400000,100000,33566490,335.665,0
735,73500000,100000,33669528,336.695,0
736,73600000,100000,33498877,334.989,0
737,73700000,100000,33564774,335.648,0
738,73800000,100000,33570000,335.700,0
739,73900000,100000,33472705,334.727,0
740,74000000,100000,33538290,335.383,0
741,74100000,100000,33581112,335.811,0
742,74200000,100000,33512479,335.125,0
743,74300000,100000,33471540,334.715,0
744,74400000,100000,33574752,335.748,0
745,74500000,100000,33690541,336.905,0
746,74600000,100000,33564318,335.643,0
747,74700000,100000,33569124,335.691,0
748,74800000,100000,33471979,334.720,0
749,74900000,100000,33463452,334.635,0
750,75000000,100000,33565320,335.653,0
751,75100000,100000,33558037,335.580,0
752,75200000,100000,33671214,336.712,0
753,75300000,100000,33469416,334.694,0
754,75400000,100000,33560017,335.600,0
755,75500000,100000,33500520,335.005,0
756,75600000,100000,33689118,336.891,0
757,75700000,100000,33471493,334.715,0
758,75800000,100000,33473160,334.732,0
759,75900000,100000,33471624,334.716,0
760,76000000,100000,33463699,334.637,0
761,76100000,100000,33585282,335.853,0
762,76200000,100000,33634038,336.340,0
763,76300000,100000,33499885,334.999,0
764,76400000,100000,33576330,335.763,0
765,76500000,100000,33558552,335.586,0
766,76600000,100000,33495253,334.953,0
767,76700000,100000,33464892,334.649,0
768,76800000,100000,33570732,335.707,0
769,76900000,100000,33480811,334.808,0
770,77000000,100000,33509562,335.096,0
771,77100000,100000,33502560,335.026,0
772,77200000,100000,33494821,334.948,0
773,77300000,100000,33472734,334.727,0
774,77400000,100000,33558414,335.584,0
775,77500000,100000,33492787,334.928,0
776,77600000,100000,33558306,335.583,0
777,77700000,100000,33566322,335.663,0
778,77800000,100000,33507313,335.073,0
779,77900000,100000,33465180,334.652,0
780,78000000,100000,33469692,334.697,0
781,78100000,100000,33568759,335.688,0
782,78200000,100000,33471198,334.712,0
783,78300000,100000,33568758,335.688,0
784,78400000,100000,33566797,335.668,0
785,78500000,100000,33558660,335.587,0
786,78600000,100000,33575748,335.757,0
787,78700000,100000,33647263,336.473,0
788,78800000,100000,33512316,335.123,0
789,78900000,100000,33500472,335.005,0
790,79000000,100000,33539635,335.396,0
791,79100000,100000,33566916,335.669,0
792,79200000,100000,33473346,334.733,0
793,79300000,100000,33480361,334.804,0
794,79400000,100000,33463836,334.638,0
795,79500000,100000,33482130,334.821,0
796,79600000,100000,33534379,335.344,0
797,79700000,100000,33569064,335.691,0
798,79800000,100000,33472914,334.729,0
799,79900000,100000,33616129,336.161,0
800,80000000,100000,33623718,336.237,0
801,80100000,100000,33593274,335.933,0
802,80200000,100000,33646345,336.463,0
803,80300000,100000,33670338,336.703,0
804,80400000,100000,33464478,334.645,0
805,80500000,100000,33564955,335.650,0
806,80600000,100000,33474096,334.741,0
807,80700000,100000,33471354,334.714,0
808,80800000,100000,33463921,334.639,0
809,80900000,100000,33580494,335.805,0
810,81000000,100000,33527046,335.270,0
811,81100000,100000,33576523,335.765,0
812,81200000,100000,33564852,335.649,0
813,81300000,100000,33534546,335.345,0
814,81400000,100000,33490249,334.902,0
815,81500000,100000,33462978,334.630,0
816,81600000,100000,33471804,334.718,0
817,81700000,100000,33473875,334.739,0
818,81800000,100000,33568056,335.681,0
819,81900000,100000,33590496,335.905,0
820,82000000,100000,33486187,334.862,0
821,82100000,100000,33471006,334.710,0
822,82200000,100000,33467178,334.672,0
823,82300000,100000,33483583,334.836,0
824,82400000,100000,33559392,335.594,0
825,82500000,100000,33474516,334.745,0
826,82600000,100000,33571351,335.714,0
827,82700000,100000,33471612,334.716,0
828,82800000,100000,33484278,334.843,0
829,82900000,100000,33467605,334.676,0
830,83000000,100000,33591462,335.915,0
831,83100000,100000,33577782,335.778,0
832,83200000,100000,33474463,334.745,0
833,83300000,100000,33515886,335.159,0
834,83400000,100000,33577284,335.773,0
835,83500000,100000,33558709,335.587,0
836,83600000,100000,33472452,334.725,0
837,83700000,100000,33479484,334.795,0
838,83800000,100000,33464551,334.646,0
839,83900000,100000,33564528,335.645,0
840,84000000,100000,33475278,334.753,0
841,84100000,100000,33566557,335.666,0
842,84200000,100000,33558960,335.590,0
843,84300000,100000,33672240,336.722,0
844,84400000,100000,33463567,334.636,0
845,84500000,100000,33495168,334.952,0
846,84600000,100000,33559548,335.595,0
847,84700000,100000,33465349,334.653,0
848,84800000,100000,33492006,334.920,0
849,84900000,100000,33508722,335.087,0
850,85000000,100000,33521581,335.216,0
851,85100000,100000,33473532,334.735,0
852,85200000,100000,33471918,334.719,0
853,85300000,100000,33557899,335.579,0
854,85400000,100000,33481146,334.811,0
855,85500000,100000,33525276,335.253,0
856,85600000,100000,33504577,335.046,0
857,85700000,100000,33508332,335.083,0
858,85800000,100000,33465042,334.650,0
859,85900000,100000,33543691,335.437,0
860,86000000,100000,33476100,334.761,0
861,86100000,100000,33539406,335.394,0
862,86200000,100000,33508729,335.087,0
863,86300000,100000,33502530,335.025,0
864,86400000,100000,33469584,334.696,0
865,86500000,100000,33569251,335.693,0
866,86600000,100000,33601314,336.013,0
867,86700000,100000,33593100,335.931,0
868,86800000,100000,33481087,334.811,0
869,86900000,100000,33636366,336.364,0
870,87000000,100000,33471744,334.717,0
871,87100000,100000,33490783,334.908,0
872,87200000,100000,33466380,334.664,0
873,87300000,100000,33566148,335.661,0
874,87400000,100000,33569107,335.691,0
875,87500000,100000,33535692,335.357,0
876,87600000,100000,33504204,335.042,0
877,87700000,100000,33658861,336.589,0
878,87800000,100000,33630972,336.310,0
879,87900000,100000,33576408,335.764,0
880,88000000,100000,33469267,334.693,0
881,88100000,100000,33464376,334.644,0
882,88200000,100000,33481218,334.812,0
883,88300000,100000,33593095,335.931,0
884,88400000,100000,33696216,336.962,0
885,88500000,100000,33473202,334.732,0
886,88600000,100000,33528097,335.281,0
887,88700000,100000,33462888,334.629,0
888,88800000,100000,33481392,334.814,0
889,88900000,100000,33565261,335.653,0
890,89000000,100000,33602742,336.027,0
891,89100000,100000,33473736,334.737,0
892,89200000,100000,33527149,335.271,0
893,89300000,100000,33577080,335.771,0
894,89400000,100000,33464280,334.643,0
895,89500000,100000,33472183,334.722,0
896,89600000,100000,33479520,334.795,0
897,89700000,100000,33465144,334.651,0
898,89800000,100000,33573499,335.735,0
899,89900000,100000,33492444,334.924,0
900,90000000,100000,33567750,335.678,0
901,90100000,100000,33559147,335.591,0
902,90200000,100000,33491436,334.914,0
903,90300000,100000,33463626,334.636,0
904,90400000,100000,33471361,334.714,0
905,90500000,100000,33479448,334.794,0
906,90600000,100000,33559692,335.597,0
907,90700000,100000,33481771,334.818,0
908,90800000,100000,33558630,335.586,0
909,90900000,100000,33471540,334.715,0
910,91000000,100000,33594895,335.949,0
911,91100000,100000,33566520,335.665,0
912,91200000,100000,33558150,335.582,0
913,91300000,100000,33575605,335.756,0
914,91400000,100000,33550794,335.508,0
915,91500000,100000,33464544,334.645,0
916,91600000,100000,33507271,335.073,0
917,91700000,100000,33540468,335.405,0
918,91800000,100000,33477666,334.777,0
919,91900000,100000,33652417,336.524,0
920,92000000,100000,33542928,335.429,0
921,92100000,100000,33466464,334.665,0
922,92200000,100000,33483385,334.834,0
923,92300000,100000,33471372,334.714,0
924,92400000,100000,33579324,335.793,0
925,92500000,100000,33566899,335.669,0
926,92600000,100000,33464370,334.644,0
927,92700000,100000,33495630,334.956,0
928,92800000,100000,33463525,334.635,0
929,92900000,100000,33471156,334.712,0
930,93000000,100000,33479712,334.797,0
931,93100000,100000,34022767,340.228,0
932,93200000,100000,33491232,334.912,0
933,93300000,100000,33514146,335.141,0
934,93400000,100000,33475765,334.758,0
935,93500000,100000,33559344,335.593,0
936,93600000,100000,33581814,335.818,0
937,93700000,100000,33622993,336.230,0
938,93800000,100000,33576624,335.766,0
939,93900000,100000,33564792,335.648,0
940,94000000,100000,33537427,335.374,0
941,94100000,100000,33492120,334.921,0
942,94200000,100000,33508284,335.083,0
943,94300000,100000,33521059,335.211,0
944,94400000,100000,33472812,334.728,0
945,94500000,100000,33471366,334.714,0
946,94600000,100000,33462865,334.629,0
947,94700000,100000,33494880,334.949,0
948,94800000,100000,33470148,334.701,0
949,94900000,100000,33552409,335.524,0
950,95000000,100000,33494778,334.948,0
951,95100000,100000,33465714,334.657,0
952,95200000,100000,33477379,334.774,0
953,95300000,100000,33505176,335.052,0
954,95400000,100000,33471744,334.717,0
955,95500000,100000,33478849,334.788,0
956,95600000,100000,33559632,335.596,0
957,95700000,100000,33468762,334.688,0
958,95800000,100000,33482083,334.821,0
959,95900000,100000,33557838,335.578,0
960,96000000,100000,33463524,334.635,0
961,96100000,100000,33480714,334.807,0
962,96200000,100000,33463063,334.631,0
963,96300000,100000,33471774,334.718,0
964,96400000,100000,33668844,336.688,0
965,96500000,100000,33464455,334.645,0
966,96600000,100000,33564036,335.640,0
967,96700000,100000,33474858,334.749,0
968,96800000,100000,33565951,335.660,0
969,96900000,100000,33556584,335.566,0
970,97000000,100000,33480642,334.806,0
971,97100000,100000,33463705,334.637,0
972,97200000,100000,33481392,334.814,0
973,97300000,100000,33564738,335.647,0
974,97400000,100000,33534607,335.346,0
975,97500000,100000,33481284,334.813,0
976,97600000,100000,33503502,335.035,0
977,97700000,100000,33478813,334.788,0
978,97800000,100000,33569154,335.692,0
979,97900000,100000,33480390,334.804,0
980,98000000,100000,33561397,335.614,0
981,98100000,100000,33482784,334.828,0
982,98200000,100000,33473406,334.734,0
983,98300000,100000,33554905,335.549,0
984,98400000,100000,33577254,335.773,0
985,98500000,100000,33561576,335.616,0
986,98600000,100000,33569269,335.693,0
987,98700000,100000,33463644,334.636,0
988,98800000,100000,33634854,336.349,0
989,98900000,100000,33479053,334.791,0
990,99000000,100000,33559488,335.595,0
991,99100000,100000,33469866,334.699,0
992,99200000,100000,33664411,336.644,0
993,99300000,100000,33472296,334.723,0
994,99400000,100000,33593256,335.933,0
995,99500000,100000,33577435,335.774,0
996,99600000,100000,33463656,334.637,0
997,99700000,100000,33472002,334.720,0
998,99800000,100000,33574321,335.743,0
999,99900000,100000,33559278,335.593,0
1000,100000000,100000,33564318,335.643,0
1001,100100000,100000,33568999,335.690,0
1002,100200000,100000,33471570,334.716,0
1003,100300000,100000,33578856,335.789,0
1004,100400000,100000,33474373,334.744,0
1005,100500000,100000,33463812,334.638,0
1006,100600000,100000,33577572,335.776,0
1007,100700000,100000,33653023,336.530,0
1008,100800000,100000,33465738,334.657,0
1009,100900000,100000,33484566,334.846,0
1010,101000000,100000,33515305,335.153,0
1011,101100000,100000,33475104,334.751,0
1012,101200000,100000,33663726,336.637,0
1013,101300000,100000,33566299,335.663,0
1014,101400000,100000,33555282,335.553,0
1015,101500000,100000,33576300,335.763,0
1016,101600000,100000,33468925,334.689,0
1017,101700000,100000,33480162,334.802,0
1018,101800000,100000,33569442,335.694,0
1019,101900000,100000,33533485,335.335,0
1020,102000000,100000,33579156,335.792,0
1021,102100000,100000,33466398,334.664,0
1022,102200000,100000,33643177,336.432,0
1023,102300000,100000,33482460,334.825,0
1024,102400000,100000,33593790,335.938,0
1025,102500000,100000,33565099,335.651,0
1026,102600000,100000,33664494,336.645,0
1027,102700000,100000,33544446,335.444,0
1028,102800000,100000,33566149,335.661,0
1029,102900000,100000,33673434,336.734,0
1030,103000000,100000,33528817,335.288,0
1031,103100000,100000,33481494,334.815,0
1032,103200000,100000,33561048,335.610,0
1033,103300000,100000,33536059,335.361,0
1034,103400000,100000,33585882,335.859,0
1035,103500000,100000,33643824,336.438,0
1036,103600000,100000,33471295,334.713,0
1037,103700000,100000,33569910,335.699,0
1038,103800000,100000,33542388,335.424,0
1039,103900000,100000,33549709,335.497,0
1040,104000000,100000,33578328,335.783,0
1041,104100000,100000,33470064,334.701,0
1042,104200000,100000,33559627,335.596,0
1043,104300000,100000,33510576,335.106,0
1044,104400000,100000,33623190,336.232,0
1045,104500000,100000,33576871,335.769,0
1046,104600000,100000,33558738,335.587,0
1047,104700000,100000,33566796,335.668,0
1048,104800000,100000,33574843,335.748,0
1049,104900000,100000,33465840,334.658,0
1050,105000000,100000,33565410,335.654,0
1051,105100000,100000,33473779,334.738,0
1052,105200000,100000,33470952,334.710,0
1053,105300000,100000,33566754,335.668,0
1054,105400000,100000,33484081,334.841,0
1055,105500000,100000,33463824,334.638,0
1056,105600000,100000,33472116,334.721,0
1057,105700000,100000,33575005,335.750,0
1058,105800000,100000,33464490,334.645,0
1059,105900000,100000,33469584,334.696,0
1060,106000000,100000,33473478,334.735,0
1061,106100000,100000,33471649,334.716,0
1062,106200000,100000,33598842,335.988,0
1063,106300000,100000,33471576,334.716,0
1064,106400000,100000,33630649,336.306,0
1065,106500000,100000,33504552,335.046,0
1066,106600000,100000,33513066,335.131,0
1067,106700000,100000,33471829,334.718,0
1068,106800000,100000,33486618,334.866,0
1069,106900000,100000,33467436,334.674,0
1070,107000000,100000,33555829,335.558,0
1071,107100000,100000,33488484,334.885,0
1072,107200000,100000,33549048,335.490,0
1073,107300000,100000,33598489,335.985,0
1074,107400000,100000,33586104,335.861,0
1075,107500000,100000,33472272,334.723,0
1076,107600000,100000,33560383,335.604,0
1077,107700000,100000,33579408,335.794,0
1078,107800000,100000,33570864,335.709,0
1079,107900000,100000,33492931,334.929,0
1080,108000000,100000,33463482,334.635,0
1081,108100000,100000,33472782,334.728,0
1082,108200000,100000,33574513,335.745,0
1083,108300000,100000,33463872,334.639,0
1084,108400000,100000,33614238,336.142,0
1085,108500000,100000,33568807,335.688,0
1086,108600000,100000,33470880,334.709,0
1087,108700000,100000,33463434,334.634,0
1088,108800000,100000,33482257,334.823,0
1089,108900000,100000,33463656,334.637,0
1090,109000000,100000,33510648,335.106,0
1091,109100000,100000,33479827,334.798,0
1092,109200000,100000,33558942,335.589,0
1093,109300000,100000,33608472,336.085,0
1094,109400000,100000,33463939,334.639,0
1095,109500000,100000,33539100,335.391,0
1096,109600000,100000,33507324,335.073,0
1097,109700000,100000,33539365,335.394,0
1098,109800000,100000,33474822,334.748,0
1099,109900000,100000,33674520,336.745,0
1100,110000000,100000,33469813,334.698,0
1101,110100000,100000,33546096,335.461,0
1102,110200000,100000,33599730,335.997,0
1103,110300000,100000,33538789,335.388,0
1104,110400000,100000,33561624,335.616,0
1105,110500000,100000,33568032,335.680,0
1106,110600000,100000,33633961,336.340,0
1107,110700000,100000,33479340,334.793,0
1108,110800000,100000,33464166,334.642,0
1109,110900000,100000,33469717,334.697,0
1110,111000000,100000,33473598,334.736,0
1111,111100000,100000,33566070,335.661,0
1112,111200000,100000,33653953,336.540,0
1113,111300000,100000,33575796,335.758,0
1114,111400000,100000,33463266,334.633,0
1115,111500000,100000,33566791,335.668,0
1116,111600000,100000,33478086,334.781,0
1117,111700000,100000,33464658,334.647,0
1118,111800000,100000,33564025,335.640,0
1119,111900000,100000,33664626,336.646,0
1120,112000000,100000,33471282,334.713,0
1121,112100000,100000,33651643,336.516,0
1122,112200000,100000,33481230,334.812,0
1123,112300000,100000,33462342,334.623,0
1124,112400000,100000,33481231,334.812,0
1125,112500000,100000,33469614,334.696,0
1126,112600000,100000,33593988,335.940,0
1127,112700000,100000,33598219,335.982,0
1128,112800000,100000,33552216,335.522,0
1129,112900000,100000,33571506,335.715,0
1130,113000000,100000,33474505,334.745,0
1131,113100000,100000,33473964,334.740,0
1132,113200000,100000,33560994,335.610,0
1133,113300000,100000,33482185,334.822,0
1134,113400000,100000,33473100,334.731,0
1135,113500000,100000,33651468,336.515,0
1136,113600000,100000,33481933,334.819,0
1137,113700000,100000,33466674,334.667,0
1138,113800000,100000,33578016,335.780,0
1139,113900000,100000,33463453,334.635,0
1140,114000000,100000,33566358,335.664,0
1141,114100000,100000,33479298,334.793,0
1142,114200000,100000,33465217,334.652,0
1143,114300000,100000,33469278,334.693,0
1144,114400000,100000,33568842,335.688,0
1145,114500000,100000,33565549,335.655,0
1146,114600000,100000,33463428,334.634,0
1147,114700000,100000,33481782,334.818,0
1148,114800000,100000,33463555,334.636,0
1149,114900000,100000,33566922,335.669,0
1150,115000000,100000,33668820,336.688,0
1151,115100000,100000,33536455,335.365,0
1152,115200000,100000,33570816,335.708,0
1153,115300000,100000,33479016,334.790,0
1154,115400000,100000,33566941,335.669,0
1155,115500000,100000,33474150,334.741,0
1156,115600000,100000,33472596,334.726,0
1157,115700000,100000,33591409,335.914,0
1158,115800000,100000,33607512,336.075,0
1159,115900000,100000,33470424,334.704,0
1160,116000000,100000,33464479,334.645,0
1161,116100000,100000,33671376,336.714,0
1162,116200000,100000,33512214,335.122,0
1163,116300000,100000,33567097,335.671,0
1164,116400000,100000,33472842,334.728,0
1165,116500000,100000,33621696,336.217,0
1166,116600000,100000,33462931,334.629,0
1167,116700000,100000,33480732,334.807,0
1168,116800000,100000,33470076,334.701,0
1169,116900000,100000,33689551,336.896,0
1170,117000000,100000,33670908,336.709,0
1171,117100000,100000,33532590,335.326,0
1172,117200000,100000,33507973,335.080,0
1173,117300000,100000,33462894,334.629,0
1174,117400000,100000,33471492,334.715,0
1175,117500000,100000,33480061,334.801,0
1176,117600000,100000,33463962,334.640,0
1177,117700000,100000,33575202,335.752,0
1178,117800000,100000,33585913,335.859,0
1179,117900000,100000,33548658,335.487,0
1180,118000000,100000,33559140,335.591,0
1181,118100000,100000,33577429,335.774,0
1182,118200000,100000,33463758,334.638,0
1183,118300000,100000,33471210,334.712,0
1184,118400000,100000,33479335,334.793,0
1185,118500000,100000,33464082,334.641,0
1186,118600000,100000,33482970,334.830,0
1187,118700000,100000,33558955,335.590,0
1188,118800000,100000,33502956,335.030,0
1189,118900000,100000,33570090,335.701,0
1190,119000000,100000,33475123,334.751,0
1191,119100000,100000,33463620,334.636,0
1192,119200000,100000,33577344,335.773,0
1193,119300000,100000,33470221,334.702,0
1194,119400000,100000,33559284,335.593,0
1195,119500000,100000,33481578,334.816,0
1196,119600000,100000,33463243,334.632,0
1197,119700000,100000,33471174,334.712,0
1198,119800000,100000,33473040,334.730,0
1199,119900000,100000,33528595,335.286,0
1200,120000000,100000,33553878,335.539,0
1201,120100000,100000,33485508,334.855,0
1202,120200000,100000,33478525,334.785,0
1203,120300000,100000,33570822,335.708,0
1204,120400000,100000,33507186,335.072,0
1205,120500000,100000,33558445,335.584,0
1206,120600000,100000,33577062,335.771,0
1207,120700000,100000,33558924,335.589,0
1208,120800000,100000,33471739,334.717,0
1209,120900000,100000,33574512,335.745,0
1210,121000000,100000,33464640,334.646,0
1211,121100000,100000,33517129,335.171,0
1212,121200000,100000,33664356,336.644,0
1213,121300000,100000,33470994,334.710,0
1214,121400000,100000,33462985,334.630,0
1215,121500000,100000,33488898,334.889,0
1216,121600000,100000,33464484,334.645,0
1217,121700000,100000,33545233,335.452,0
1218,121800000,100000,33484908,334.849,0
1219,121900000,100000,33466638,334.666,0
1220,122000000,100000,33481975,334.820,0
1221,122100000,100000,33652530,336.525,0
1222,122200000,100000,33471870,334.719,0
1223,122300000,100000,33568081,335.681,0
1224,122400000,100000,33471816,334.718,0
1225,122500000,100000,33634728,336.347,0
1226,122600000,100000,33481387,334.814,0
1227,122700000,100000,33479280,334.793,0
1228,122800000,100000,33561480,335.615,0
1229,122900000,100000,33502555,335.026,0
1230,123000000,100000,33559176,335.592,0
1231,123100000,100000,33567576,335.676,0
1232,123200000,100000,33473125,334.731,0
1233,123300000,100000,33567138,335.671,0
1234,123400000,100000,33464436,334.644,0
1235,123500000,100000,33575977,335.760,0
1236,123600000,100000,33565140,335.651,0
1237,123700000,100000,33569166,335.692,0
1238,123800000,100000,33471919,334.719,0
1239,123900000,100000,33463848,334.638,0
1240,124000000,100000,33481854,334.819,0
1241,124100000,100000,33507691,335.077,0
1242,124200000,100000,33645918,336.459,0
1243,124300000,100000,33495384,334.954,0
1244,124400000,100000,33636943,336.369,0
1245,124500000,100000,33512700,335.127,0
1246,124600000,100000,33476028,334.760,0
1247,124700000,100000,33566797,335.668,0
1248,124800000,100000,33466656,334.667,0
1249,124900000,100000,33484380,334.844,0
1250,125000000,100000,33464893,334.649,0
1251,125100000,100000,33481098,334.811,0
1252,125200000,100000,33478800,334.788,0
1253,125300000,100000,33533503,335.335,0
1254,125400000,100000,33508434,335.084,0
1255,125500000,100000,33462864,334.629,0
1256,125600000,100000,33471319,334.713,0
1257,125700000,100000,33568848,335.688,0
1258,125800000,100000,33472086,334.721,0
1259,125900000,100000,33463363,334.634,0
1260,126000000,100000,33576234,335.762,0
1261,126100000,100000,33660222,336.602,0
1262,126200000,100000,33464557,334.646,0
1263,126300000,100000,33481158,334.812,0
1264,126400000,100000,33519300,335.193,0
1265,126500000,100000,33475957,334.760,0
1266,126600000,100000,33504312,335.043,0
1267,126700000,100000,33472566,334.726,0
1268,126800000,100000,33610837,336.108,0
1269,126900000,100000,33561798,335.618,0
1270,127000000,100000,33469512,334.695,0
1271,127100000,100000,33476911,334.769,0
1272,127200000,100000,33696564,336.966,0
1273,127300000,100000,33463590,334.636,0
1274,127400000,100000,33576691,335.767,0
1275,127500000,100000,33511452,335.115,0
1276,127600000,100000,33527886,335.279,0
1277,127700000,100000,33508051,335.081,0
1278,127800000,100000,33470388,334.704,0
1279,127900000,100000,33473112,334.731,0
1280,128000000,100000,33475579,334.756,0
1281,128100000,100000,33544842,335.448,0
1282,128200000,100000,33558156,335.582,0
1283,128300000,100000,33578065,335.781,0
1284,128400000,100000,33466614,334.666,0
1285,128500000,100000,33514008,335.140,0
1286,128600000,100000,33507061,335.071,0
1287,128700000,100000,33467544,334.675,0
1288,128800000,100000,33575562,335.756,0
1289,128900000,100000,33462403,334.624,0
1290,129000000,100000,33567180,335.672,0
1291,129100000,100000,33568242,335.682,0
1292,129200000,100000,33600877,336.009,0
1293,129300000,100000,33463356,334.634,0
1294,129400000,100000,33576144,335.761,0
1295,129500000,100000,33637807,336.378,0
1296,129600000,100000,33555132,335.551,0
1297,129700000,100000,33580290,335.803,0
1298,129800000,100000,33463687,334.637,0
1299,129900000,100000,33481026,334.810,0
1300,130000000,100000,33463386,334.634,0
1301,130100000,100000,33566587,335.666,0
1302,130200000,100000,33610176,336.102,0
1303,130300000,100000,33465678,334.657,0
1304,130400000,100000,33470089,334.701,0
1305,130500000,100000,33495918,334.959,0
1306,130600000,100000,33602178,336.022,0
1307,130700000,100000,33538093,335.381,0
1308,130800000,100000,33491976,334.920,0
1309,130900000,100000,33467100,334.671,0
1310,131000000,100000,33472219,334.722,0
1311,131100000,100000,33479676,334.797,0
1312,131200000,100000,33631164,336.312,0
1313,131300000,100000,33469219,334.692,0
1314,131400000,100000,33569154,335.692,0
1315,131500000,100000,33471528,334.715,0
1316,131600000,100000,33473269,334.733,0
1317,131700000,100000,33565614,335.656,0
1318,131800000,100000,33463704,334.637,0
1319,131900000,100000,33508369,335.084,0
1320,132000000,100000,33470022,334.700,0
1321,132100000,100000,33559614,335.596,0
1322,132200000,100000,33486403,334.864,0
1323,132300000,100000,33559032,335.590,0
1324,132400000,100000,33471546,334.715,0
1325,132500000,100000,33472969,334.730,0
1326,132600000,100000,33472308,334.723,0
1327,132700000,100000,33565314,335.653,0
1328,132800000,100000,33483985,334.840,0
1329,132900000,100000,33566088,335.661,0
1330,133000000,100000,33690000,336.900,0
1331,133100000,100000,33611017,336.110,0
1332,133200000,100000,33559632,335.596,0
1333,133300000,100000,33510282,335.103,0
1334,133400000,100000,33463135,334.631,0
1335,133500000,100000,33472788,334.728,0
1336,133600000,100000,33556740,335.567,0
1337,133700000,100000,33466705,334.667,0
1338,133800000,100000,33565140,335.651,0
1339,133900000,100000,33569952,335.700,0
1340,134000000,100000,33566509,335.665,0
1341,134100000,100000,33558822,335.588,0
1342,134200000,100000,33588276,335.883,0
1343,134300000,100000,33463723,334.637,0
1344,134400000,100000,33471756,334.718,0
1345,134500000,100000,33479700,334.797,0
1346,134600000,100000,33464965,334.650,0
1347,134700000,100000,33503532,335.035,0
1348,134800000,100000,33570330,335.703,0
1349,134900000,100000,33471313,334.713,0
1350,135000000,100000,33568080,335.681,0
1351,135100000,100000,33510726,335.107,0
1352,135200000,100000,33565693,335.657,0
1353,135300000,100000,33579132,335.791,0
1354,135400000,100000,33516252,335.163,0
1355,135500000,100000,33464275,334.643,0
1356,135600000,100000,33498438,334.984,0
1357,135700000,100000,33464082,334.641,0
1358,135800000,100000,33471037,334.710,0
1359,135900000,100000,33567456,335.675,0
1360,136000000,100000,33471378,334.714,0
1361,136100000,100000,33649615,336.496,0
1362,136200000,100000,33576756,335.768,0
1363,136300000,100000,33599292,335.993,0
1364,136400000,100000,33569521,335.695,0
1365,136500000,100000,33472758,334.728,0
1366,136600000,100000,33617262,336.173,0
1367,136700000,100000,33581545,335.815,0
1368,136800000,100000,33464124,334.641,0
1369,136900000,100000,33474054,334.741,0
1370,137000000,100000,33577789,335.778,0
1371,137100000,100000,33513450,335.135,0
1372,137200000,100000,33470274,334.703,0
1373,137300000,100000,33569377,335.694,0
1374,137400000,100000,33566370,335.664,0
1375,137500000,100000,33463590,334.636,0
1376,137600000,100000,33481465,334.815,0
1377,137700000,100000,33471756,334.718,0
1378,137800000,100000,33508698,335.087,0
1379,137900000,100000,33576049,335.760,0
1380,138000000,100000,33559950,335.599,0
1381,138100000,100000,33481206,334.812,0
1382,138200000,100000,33463261,334.633,0
1383,138300000,100000,33528180,335.282,0
1384,138400000,100000,33473262,334.733,0
1385,138500000,100000,33471283,334.713,0
1386,138600000,100000,33558384,335.584,0
1387,138700000,100000,33576588,335.766,0
1388,138800000,100000,33469501,334.695,0
1389,138900000,100000,33465312,334.653,0
1390,139000000,100000,33481464,334.815,0
1391,139100000,100000,33463381,334.634,0
1392,139200000,100000,33512820,335.128,0
1393,139300000,100000,33480846,334.808,0
1394,139400000,100000,33566317,335.663,0
1395,139500000,100000,33464442,334.644,0
1396,139600000,100000,33553542,335.535,0
1397,139700000,100000,33567169,335.672,0
1398,139800000,100000,33475320,334.753,0
1399,139900000,100000,33563166,335.632,0
1400,140000000,100000,33463327,334.633,0
1401,140100000,100000,33576810,335.768,0
1402,140200000,100000,33565920,335.659,0
1403,140300000,100000,33569977,335.700,0
1404,140400000,100000,33480624,334.806,0
1405,140500000,100000,33515088,335.151,0
1406,140600000,100000,33514069,335.141,0
1407,140700000,100000,33569232,335.692,0
1408,140800000,100000,33472068,334.721,0
1409,140900000,100000,33559483,335.595,0
1410,141000000,100000,33481638,334.816,0
1411,141100000,100000,33525642,335.256,0
1412,141200000,100000,33576103,335.761,0
1413,141300000,100000,33469038,334.690,0
1414,141400000,100000,33464238,334.642,0
1415,141500000,100000,33671389,336.714,0
1416,141600000,100000,33463650,334.637,0
1417,141700000,100000,33471258,334.713,0
1418,141800000,100000,33473245,334.732,0
1419,141900000,100000,33472098,334.721,0
1420,142000000,100000,33462846,334.628,0
1421,142100000,100000,33577003,335.770,0
1422,142200000,100000,33469476,334.695,0
1423,142300000,100000,33689940,336.899,0
1424,142400000,100000,33612421,336.124,0
1425,142500000,100000,33466578,334.666,0
1426,142600000,100000,33472410,334.724,0
1427,142700000,100000,33502417,335.024,0
1428,142800000,100000,33477990,334.780,0
1429,142900000,100000,33514722,335.147,0
1430,143000000,100000,33500677,335.007,0
1431,143100000,100000,33531864,335.319,0
1432,143200000,100000,33477108,334.771,0
1433,143300000,100000,33559819,335.598,0
1434,143400000,100000,33561546,335.615,0
1435,143500000,100000,33598068,335.981,0
1436,143600000,100000,33544831,335.448,0
1437,143700000,100000,33474102,334.741,0
1438,143800000,100000,33479748,334.797,0
1439,143900000,100000,33517987,335.180,0
1440,144000000,100000,33557526,335.575,0
1441,144100000,100000,33569256,335.693,0
1442,144200000,100000,33472033,334.720,0
1443,144300000,100000,33594108,335.941,0
1444,144400000,100000,33481842,334.818,0
1445,144500000,100000,33593491,335.935,0
1446,144600000,100000,33481326,334.813,0
1447,144700000,100000,33469098,334.691,0
1448,144800000,100000,33617191,336.172,0
1449,144900000,100000,33491700,334.917,0
1450,145000000,100000,33463638,334.636,0
1451,145100000,100000,33471031,334.710,0
1452,145200000,100000,33481488,334.815,0
1453,145300000,100000,33602784,336.028,0
1454,145400000,100000,33464521,334.645,0
1455,145500000,100000,33579390,335.794,0
1456,145600000,100000,33570228,335.702,0
1457,145700000,100000,33465493,334.655,0
1458,145800000,100000,33576942,335.769,0
1459,145900000,100000,33530052,335.301,0
1460,146000000,100000,33481945,334.819,0
1461,146100000,100000,33496674,334.967,0
1462,146200000,100000,33471630,334.716,0
1463,146300000,100000,33574309,335.743,0
1464,146400000,100000,33465030,334.650,0
1465,146500000,100000,33620994,336.210,0
1466,146600000,100000,33569239,335.692,0
1467,146700000,100000,33553482,335.535,0
1468,146800000,100000,33463662,334.637,0
1469,146900000,100000,33575941,335.759,0
1470,147000000,100000,33463074,334.631,0
1471,147100000,100000,33567354,335.674,0
1472,147200000,100000,33478963,334.790,0
1473,147300000,100000,33522744,335.227,0
1474,147400000,100000,33468390,334.684,0
1475,147500000,100000,33477901,334.779,0
1476,147600000,100000,33536616,335.366,0
1477,147700000,100000,33580404,335.804,0
1478,147800000,100000,33475513,334.755,0
1479,147900000,100000,33525186,335.252,0
1480,148000000,100000,33673710,336.737,0
1481,148100000,100000,33565213,335.652,0
1482,148200000,100000,33638916,336.389,0
1483,148300000,100000,33481296,334.813,0
1484,148400000,100000,33464443,334.644,0
1485,148500000,100000,33470850,334.709,0
1486,148600000,100000,33599760,335.998,0
1487,148700000,100000,33474607,334.746,0
1488,148800000,100000,33466584,334.666,0
1489,148900000,100000,33583206,335.832,0
1490,149000000,100000,33632917,336.329,0
1491,149100000,100000,33506862,335.069,0
1492,149200000,100000,33565482,335.655,0
1493,149300000,100000,33532129,335.321,0
1494,149400000,100000,33481854,334.819,0
1495,149500000,100000,33503274,335.033,0
1496,149600000,100000,33471751,334.718,0
1497,149700000,100000,33500934,335.009,0
1498,149800000,100000,33464796,334.648,0
1499,149900000,100000,33468931,334.689,0
1500,150000000,100000,33473664,334.737,0
1501,150100000,100000,33645912,336.459,0
1502,150200000,100000,33556063,335.561,0
1503,150300000,100000,33508008,335.080,0
1504,150400000,100000,33463560,334.636,0
1505,150500000,100000,33472195,334.722,0
1506,150600000,100000,33479388,334.794,0
1507,150700000,100000,33558804,335.588,0
1508,150800000,100000,33671347,336.713,0
1509,150900000,100000,33558462,335.585,0
1510,151000000,100000,33471150,334.712,0
1511,151100000,100000,33480019,334.800,0
1512,151200000,100000,33471672,334.717,0
1513,151300000,100000,33463176,334.632,0
1514,151400000,100000,33578215,335.782,0
1515,151500000,100000,33544308,335.443,0
1516,151600000,100000,33466746,334.667,0
1517,151700000,100000,33516643,335.166,0
1518,151800000,100000,33560118,335.601,0
1519,151900000,100000,33613416,336.134,0
1520,152000000,100000,33579061,335.791,0
1521,152100000,100000,33636738,336.367,0
1522,152200000,100000,33561870,335.619,0
1523,152300000,100000,33482071,334.821,0
1524,152400000,100000,33634404,336.344,0
1525,152500000,100000,33483180,334.832,0
1526,152600000,100000,33474109,334.741,0
1527,152700000,100000,33567120,335.671,0
1528,152800000,100000,33487902,334.879,0
1529,152900000,100000,33466327,334.663,0
1530,153000000,100000,33567408,335.674,0
1531,153100000,100000,33480744,334.807,0
1532,153200000,100000,33559567,335.596,0
1533,153300000,100000,33469854,334.699,0
1534,153400000,100000,33580002,335.800,0
1535,153500000,100000,33566995,335.670,0
1536,153600000,100000,33463824,334.638,0
1537,153700000,100000,33481698,334.817,0
1538,153800000,100000,33464059,334.641,0
1539,153900000,100000,33472350,334.724,0
1540,154000000,100000,33479538,334.795,0
1541,154100000,100000,33531859,335.319,0
1542,154200000,100000,33671202,336.712,0
1543,154300000,100000,33558816,335.588,0
1544,154400000,100000,33473245,334.732,0
1545,154500000,100000,33568998,335.690,0
1546,154600000,100000,33568788,335.688,0
1547,154700000,100000,33557953,335.580,0
1548,154800000,100000,33504228,335.042,0
1549,154900000,100000,33469560,334.696,0
1550,155000000,100000,33464905,334.649,0
1551,155100000,100000,33505668,335.057,0
1552,155200000,100000,33469872,334.699,0
1553,155300000,100000,33473215,334.732,0
1554,155400000,100000,33473286,334.733,0
1555,155500000,100000,33472938,334.729,0
1556,155600000,100000,33512275,335.123,0
1557,155700000,100000,33498366,334.984,0
1558,155800000,100000,33469488,334.695,0
1559,155900000,100000,33474673,334.747,0
1560,156000000,100000,33472044,334.720,0
1561,156100000,100000,33535896,335.359,0
1562,156200000,100000,33481213,334.812,0
1563,156300000,100000,33557760,335.578,0
1564,156400000,100000,33567294,335.673,0
1565,156500000,100000,33495781,334.958,0
1566,156600000,100000,33464682,334.647,0
1567,156700000,100000,33469092,334.691,0
1568,156800000,100000,33569383,335.694,0
1569,156900000,100000,33472002,334.720,0
1570,157000000,100000,33463458,334.635,0
1571,157100000,100000,33481855,334.819,0
1572,157200000,100000,33463116,334.631,0
1573,157300000,100000,33565158,335.652,0
1574,157400000,100000,33632185,336.322,0
1575,157500000,100000,33569004,335.690,0
1576,157600000,100000,33484044,334.840,0
1577,157700000,100000,33489139,334.891,0
1578,157800000,100000,33476160,334.762,0
1579,157900000,100000,33582114,335.821,0
1580,158000000,100000,33474145,334.741,0
1581,158100000,100000,33465402,334.654,0
1582,158200000,100000,33483264,334.833,0
1583,158300000,100000,33473203,334.732,0
1584,158400000,100000,33466542,334.665,0
1585,158500000,100000,33671598,336.716,0
1586,158600000,100000,33561343,335.613,0
1587,158700000,100000,33482376,334.824,0
1588,158800000,100000,33462810,334.628,0
1589,158900000,100000,33567331,335.673,0
1590,159000000,100000,33574800,335.748,0
1591,159100000,100000,33464178,334.642,0
1592,159200000,100000,33469411,334.694,0
1593,159300000,100000,33585636,335.856,0
1594,159400000,100000,33521820,335.218,0
1595,159500000,100000,33559429,335.594,0
1596,159600000,100000,33480948,334.809,0
1597,159700000,100000,33462570,334.626,0
1598,159800000,100000,33566005,335.660,0
1599,159900000,100000,33479202,334.792,0
1600,160000000,100000,33463908,334.639,0
1601,160100000,100000,33564367,335.644,0
1602,160200000,100000,33471816,334.718,0
1603,160300000,100000,33569976,335.700,0
1604,160400000,100000,33663391,336.634,0
1605,160500000,100000,33497754,334.978,0
1606,160600000,100000,33696786,336.968,0
1607,160700000,100000,33581227,335.812,0
1608,160800000,100000,33549852,335.499,0
1609,160900000,100000,33548316,335.483,0
1610,161000000,100000,33480883,334.809,0
1611,161100000,100000,33463560,334.636,0
1612,161200000,100000,33471648,334.716,0
1613,161300000,100000,33663889,336.639,0
1614,161400000,100000,33533148,335.331,0
1615,161500000,100000,33574536,335.745,0
1616,161600000,100000,33464731,334.647,0
1617,161700000,100000,33469800,334.698,0
1618,161800000,100000,33597108,335.971,0
1619,161900000,100000,33471415,334.714,0
1620,162000000,100000,33463302,334.633,0
1621,162100000,100000,33481872,334.819,0
1622,162200000,100000,33463387,334.634,0
1623,162300000,100000,33548892,335.489,0
1624,162400000,100000,33575280,335.753,0
1625,162500000,100000,33464431,334.644,0
1626,162600000,100000,33469962,334.700,0
1627,162700000,100000,33576648,335.766,0
1628,162800000,100000,33474265,334.743,0
1629,162900000,100000,33464106,334.641,0
1630,163000000,100000,33488058,334.881,0
1631,163100000,100000,33462997,334.630,0
1632,163200000,100000,33602076,336.021,0
1633,163300000,100000,33481140,334.811,0
1634,163400000,100000,33534535,335.345,0
1635,163500000,100000,33608844,336.088,0
1636,163600000,100000,33464028,334.640,0
1637,163700000,100000,33566521,335.665,0
1638,163800000,100000,33590808,335.908,0
1639,163900000,100000,33517056,335.171,0
1640,164000000,100000,33593323,335.933,0
1641,164100000,100000,33671334,336.713,0
1642,164200000,100000,33545628,335.456,0
1643,164300000,100000,33559675,335.597,0
1644,164400000,100000,33508062,335.081,0
1645,164500000,100000,33523494,335.235,0
1646,164600000,100000,33472015,334.720,0
1647,164700000,100000,33569028,335.690,0
1648,164800000,100000,33633180,336.332,0
1649,164900000,100000,33479581,334.796,0
1650,165000000,100000,33465252,334.653,0
1651,165100000,100000,33599286,335.993,0
1652,165200000,100000,33481327,334.813,0
1653,165300000,100000,33557562,335.576,0
1654,165400000,100000,33559038,335.590,0
1655,165500000,100000,33481699,334.817,0
1656,165600000,100000,33610254,336.103,0
1657,165700000,100000,33515652,335.157,0
1658,165800000,100000,33584833,335.848,0
1659,165900000,100000,33464502,334.645,0
1660,166000000,100000,33564726,335.647,0
1661,166100000,100000,33568315,335.683,0
1662,166200000,100000,33472086,334.721,0
1663,166300000,100000,33569262,335.693,0
1664,166400000,100000,33603451,336.035,0
1665,166500000,100000,33523830,335.238,0
1666,166600000,100000,33482538,334.825,0
1667,166700000,100000,33653149,336.531,0
1668,166800000,100000,33563364,335.634,0
1669,166900000,100000,33498930,334.989,0
1670,167000000,100000,33560875,335.609,0
1671,167100000,100000,33556032,335.560,0
1672,167200000,100000,33663546,336.635,0
1673,167300000,100000,33567391,335.674,0
1674,167400000,100000,33463644,334.636,0
1675,167500000,100000,33576378,335.764,0
1676,167600000,100000,33565423,335.654,0
1677,167700000,100000,33672354,336.724,0
1678,167800000,100000,33658680,336.587,0
1679,167900000,100000,33559387,335.594,0
1680,168000000,100000,33576696,335.767,0
1681,168100000,100000,33606060,336.061,0
1682,168200000,100000,33519913,335.199,0
1683,168300000,100000,33574368,335.744,0
1684,168400000,100000,33464538,334.645,0
1685,168500000,100000,33469651,334.697,0
1686,168600000,100000,33474504,334.745,0
1687,168700000,100000,33471366,334.714,0
1688,168800000,100000,33501427,335.014,0
1689,168900000,100000,33481788,334.818,0
1690,169000000,100000,33528960,335.290,0
1691,169100000,100000,33513205,335.132,0
1692,169200000,100000,33469818,334.698,0
1693,169300000,100000,33464892,334.649,0
1694,169400000,100000,33584347,335.843,0
1695,169500000,100000,33594654,335.947,0
1696,169600000,100000,33472698,334.727,0
1697,169700000,100000,33568489,335.685,0
1698,169800000,100000,33519024,335.190,0
1699,169900000,100000,33463188,334.632,0
1700,170000000,100000,33576673,335.767,0
1701,170100000,100000,33564600,335.646,0
1702,170200000,100000,33470946,334.709,0
1703,170300000,100000,33604783,336.048,0
1704,170400000,100000,33558576,335.586,0
1705,170500000,100000,33471420,334.714,0
1706,170600000,100000,33568615,335.686,0
1707,170700000,100000,33471864,334.719,0
1708,170800000,100000,33478944,334.789,0
1709,170900000,100000,33559393,335.594,0
1710,171000000,100000,33527244,335.272,0
1711,171100000,100000,33474162,334.742,0
1712,171200000,100000,33471643,334.716,0
1713,171300000,100000,33463182,334.632,0
1714,171400000,100000,33575616,335.756,0
1715,171500000,100000,33463195,334.632,0
1716,171600000,100000,33471810,334.718,0
1717,171700000,100000,33669648,336.696,0
1718,171800000,100000,33464443,334.644,0
1719,171900000,100000,33564570,335.646,0
1720,172000000,100000,33474270,334.743,0
1721,172100000,100000,33600991,336.010,0
1722,172200000,100000,33494778,334.948,0
1723,172300000,100000,33492822,334.928,0
1724,172400000,100000,33562357,335.624,0
1725,172500000,100000,33484464,334.845,0
1726,172600000,100000,33656034,336.560,0
1727,172700000,100000,33592369,335.924,0
1728,172800000,100000,33484452,334.845,0
1729,172900000,100000,33464634,334.646,0
1730,173000000,100000,33474013,334.740,0
1731,173100000,100000,33665760,336.658,0
1732,173200000,100000,33472938,334.729,0
1733,173300000,100000,33561931,335.619,0
1734,173400000,100000,33491592,334.916,0
1735,173500000,100000,33529044,335.290,0
1736,173600000,100000,33596617,335.966,0
1737,173700000,100000,33608088,336.081,0
1738,173800000,100000,33464616,334.646,0
1739,173900000,100000,33481891,334.819,0
1740,174000000,100000,33501024,335.010,0
1741,174100000,100000,33542358,335.424,0
1742,174200000,100000,33478987,334.790,0
1743,174300000,100000,33559284,335.593,0
1744,174400000,100000,33564780,335.648,0
1745,174500000,100000,33474667,334.747,0
1746,174600000,100000,33551454,335.515,0
1747,174700000,100000,33463482,334.635,0
1748,174800000,100000,33481453,334.815,0
1749,174900000,100000,33559098,335.591,0
1750,175000000,100000,33471516,334.715,0
1751,175100000,100000,33479629,334.796,0
1752,175200000,100000,33471840,334.718,0
1753,175300000,100000,33534984,335.350,0
1754,175400000,100000,33579829,335.798,0
1755,175500000,100000,33539604,335.396,0
1756,175600000,100000,33473634,334.736,0
1757,175700000,100000,33509839,335.098,0
1758,175800000,100000,33521478,335.215,0
1759,175900000,100000,33576984,335.770,0
1760,176000000,100000,33558049,335.580,0
1761,176100000,100000,33593814,335.938,0
1762,176200000,100000,33480480,334.805,0
1763,176300000,100000,33689599,336.896,0
1764,176400000,100000,33471168,334.712,0
1765,176500000,100000,33568386,335.684,0
1766,176600000,100000,33542113,335.421,0
1767,176700000,100000,33554916,335.549,0
1768,176800000,100000,33576318,335.763,0
1769,176900000,100000,33470269,334.703,0
1770,177000000,100000,33504756,335.048,0
1771,177100000,100000,33659760,336.598,0
1772,177200000,100000,33463645,334.636,0
1773,177300000,100000,33576522,335.765,0
1774,177400000,100000,33506130,335.061,0
1775,177500000,100000,33470905,334.709,0
1776,177600000,100000,33669258,336.693,0
1777,177700000,100000,33471174,334.712,0
1778,177800000,100000,33471979,334.720,0
1779,177900000,100000,33475074,334.751,0
1780,178000000,100000,33471462,334.715,0
1781,178100000,100000,33463723,334.637,0
1782,178200000,100000,33483828,334.838,0
1783,178300000,100000,33559986,335.600,0
1784,178400000,100000,33497779,334.978,0
1785,178500000,100000,33489264,334.893,0
1786,178600000,100000,33658458,336.585,0
1787,178700000,100000,33577291,335.773,0
1788,178800000,100000,33464058,334.641,0
1789,178900000,100000,33527280,335.273,0
1790,179000000,100000,33568351,335.684,0
1791,179100000,100000,33566868,335.669,0
1792,179200000,100000,33542274,335.423,0
1793,179300000,100000,33576841,335.768,0
1794,179400000,100000,33660456,336.605,0
1795,179500000,100000,33464646,334.646,0
1796,179600000,100000,33514993,335.150,0
1797,179700000,100000,33559260,335.593,0
1798,179800000,100000,33566580,335.666,0
1799,179900000,100000,33567733,335.677,0
