time_s,latency_ns,mismatch
0.000002370,2370.000,0
0.000003888,1518.000,0
0.000005316,1428.000,0
0.000006696,1380.000,0
0.000008100,1404.000,0
0.000009474,1374.000,0
0.000010932,1458.000,0
0.000012342,1410.000,0
0.000013782,1440.000,0
0.000015198,1416.000,0
0.000016596,1398.000,0
0.000017970,1374.000,0
0.000019398,1428.000,0
0.000020778,1380.000,0
0.000022152,1374.000,0
0.000023562,1410.000,0
0.000024924,1362.000,0
0.000026298,1374.000,0
0.000027684,1386.000,0
0.000029136,1452.000,0
0.000030528,1392.000,0
0.000031962,1434.000,0
0.000033378,1416.000,0
0.000034764,1386.000,0
0.000036138,1374.000,0
0.000037512,1374.000,0
0.000038910,1398.000,0
0.000040278,1368.000,0
0.000041712,1434.000,0
0.000043080,1368.000,0
0.000044472,1392.000,0
0.000045888,1416.000,0
0.000047346,1458.000,0
0.000048732,1386.000,0
0.000050142,1410.000,0
0.000051546,1404.000,0
0.000052986,1440.000,0
0.000054378,1392.000,0
0.000055782,1404.000,0
0.000057228,1446.000,0
0.000058596,1368.000,0
0.000060018,1422.000,0
0.000061440,1422.000,0
0.000062868,1428.000,0
0.000064272,1404.000,0
0.000065676,1404.000,0
0.000067068,1392.000,0
0.000068520,1452.000,0
0.000069918,1398.000,0
0.000071340,1422.000,0
0.000072714,1374.000,0
0.000074094,1380.000,0
0.000075498,1404.000,0
0.000076938,1440.000,0
0.000078330,1392.000,0
0.000079722,1392.000,0
0.000081126,1404.000,0
0.000082536,1410.000,0
0.000083928,1392.000,0
0.000085338,1410.000,0
0.000086748,1410.000,0
0.000088128,1380.000,0
0.000089526,1398.000,0
0.000090936,1410.000,0
0.000092310,1374.000,0
0.000093690,1380.000,0
0.000095082,1392.000,0
0.000096474,1392.000,0
0.000097878,1404.000,0
0.000099324,1446.000,0
0.000100740,1416.000,0
0.000102192,1452.000,0
0.000103644,1452.000,0
0.000105090,1446.000,0
0.000106494,1404.000,0
0.000107910,1416.000,0
0.000109308,1398.000,0
0.000110712,1404.000,0
0.000112104,1392.000,0
0.000113478,1374.000,0
0.000114876,1398.000,0
0.000116286,1410.000,0
0.000117666,1380.000,0
0.000119058,1392.000,0
0.000120474,1416.000,0
0.000121860,1386.000,0
0.000123264,1404.000,0
0.000124674,1410.000,0
0.000126084,1410.000,0
0.000127500,1416.000,0
0.000128886,1386.000,0
0.000130278,1392.000,0
0.000131682,1404.000,0
0.000133050,1368.000,0
0.000134454,1404.000,0
0.000135894,1440.000,0
0.000137304,1410.000,0
0.000138768,1464.000,0
0.000140148,1380.000,0
0.000141558,1410.000,0
0.000142950,1392.000,0
0.000145248,2298.000,0
0.000146856,1608.000,0
0.000148272,1416.000,0
0.000149670,1398.000,0
0.000151086,1416.000,0
0.000152502,1416.000,0
0.000153924,1422.000,0
0.000155292,1368.000,0
0.000156684,1392.000,0
0.000158100,1416.000,0
0.000159492,1392.000,0
0.000160932,1440.000,0
0.000162348,1416.000,0
0.000163782,1434.000,0
0.000165192,1410.000,0
0.000166608,1416.000,0
0.000168024,1416.000,0
0.000169446,1422.000,0
0.000170868,1422.000,0
0.000172236,1368.000,0
0.000173640,1404.000,0
0.000175008,1368.000,0
0.000176388,1380.000,0
0.000177756,1368.000,0
0.000179136,1380.000,0
0.000180534,1398.000,0
0.000181920,1386.000,0
0.000183306,1386.000,0
0.000184674,1368.000,0
0.000186078,1404.000,0
0.000187470,1392.000,0
0.000188904,1434.000,0
0.000190272,1368.000,0
0.000191670,1398.000,0
0.000193038,1368.000,0
0.000194442,1404.000,0
0.000195852,1410.000,0
0.000197226,1374.000,0
0.000198654,1428.000,0
0.000200046,1392.000,0
0.000201486,1440.000,0
0.000202878,1392.000,0
0.000204282,1404.000,0
0.000205716,1434.000,0
0.000207144,1428.000,0
0.000208554,1410.000,0
0.000209964,1410.000,0
0.000211398,1434.000,0
0.000212820,1422.000,0
0.000214224,1404.000,0
0.000215670,1446.000,0
0.000217074,1404.000,0
0.000218442,1368.000,0
0.000219834,1392.000,0
0.000221226,1392.000,0
0.000222636,1410.000,0
0.000224028,1392.000,0
0.000225414,1386.000,0
0.000226836,1422.000,0
0.000228246,1410.000,0
0.000229626,1380.000,0
0.000231018,1392.000,0
0.000232428,1410.000,0
0.000233844,1416.000,0
0.000235236,1392.000,0
0.000236604,1368.000,0
0.000238008,1404.000,0
0.000239448,1440.000,0
0.000240900,1452.000,0
0.000242322,1422.000,0
0.000243726,1404.000,0
0.000245142,1416.000,0
0.000246564,1422.000,0
0.000247992,1428.000,0
0.000249402,1410.000,0
0.000250854,1452.000,0
0.000252252,1398.000,0
0.000253668,1416.000,0
0.000255066,1398.000,0
0.000256482,1416.000,0
0.000257940,1458.000,0
0.000259350,1410.000,0
0.000260754,1404.000,0
0.000262188,1434.000,0
0.000263586,1398.000,0
0.000264954,1368.000,0
0.000266346,1392.000,0
0.000267774,1428.000,0
0.000269202,1428.000,0
0.000270624,1422.000,0
0.000271992,1368.000,0
0.000273360,1368.000,0
0.000274782,1422.000,0
0.000276780,1998.000,0
0.000278244,1464.000,0
0.000279690,1446.000,0
0.000281100,1410.000,0
0.000282474,1374.000,0
0.000283878,1404.000,0
0.000285276,1398.000,0
0.000286656,1380.000,0
0.000288090,1434.000,0
0.000289482,1392.000,0
0.000290874,1392.000,0
0.000292296,1422.000,0
0.000293718,1422.000,0
0.000295086,1368.000,0
0.000296490,1404.000,0
0.000297918,1428.000,0
0.000299328,1410.000,0
0.000300768,1440.000,0
0.000302172,1404.000,0
0.000303546,1374.000,0
0.000304938,1392.000,0
0.000306330,1392.000,0
0.000307740,1410.000,0
0.000309156,1416.000,0
0.000310602,1446.000,0
0.000312018,1416.000,0
0.000313434,1416.000,0
0.000314880,1446.000,0
0.000316254,1374.000,0
0.000317646,1392.000,0
0.000319014,1368.000,0
0.000320418,1404.000,0
0.000321846,1428.000,0
0.000323226,1380.000,0
0.000324612,1386.000,0
0.000326016,1404.000,0
0.000327426,1410.000,0
0.000328854,1428.000,0
0.000330246,1392.000,0
0.000331650,1404.000,0
0.000333024,1374.000,0
0.000334434,1410.000,0
0.000335838,1404.000,0
0.000337272,1434.000,0
0.000338670,1398.000,0
0.000340068,1398.000,0
0.000341448,1380.000,0
0.000342852,1404.000,0
0.000344232,1380.000,0
0.000345642,1410.000,0
0.000347046,1404.000,0
0.000348450,1404.000,0
0.000349824,1374.000,0
0.000351246,1422.000,0
0.000352656,1410.000,0
0.000354084,1428.000,0
0.000355458,1374.000,0
0.000356874,1416.000,0
0.000358278,1404.000,0
0.000359676,1398.000,0
0.000361134,1458.000,0
0.000362526,1392.000,0
0.000363966,1440.000,0
0.000365364,1398.000,0
0.000366810,1446.000,0
0.000368208,1398.000,0
0.000369594,1386.000,0
0.000370986,1392.000,0
0.000372426,1440.000,0
0.000373824,1398.000,0
0.000375216,1392.000,0
0.000376608,1392.000,0
0.000378048,1440.000,0
0.000379488,1440.000,0
0.000380892,1404.000,0
0.000382260,1368.000,0
0.000383670,1410.000,0
0.000385092,1422.000,0
0.000386514,1422.000,0
0.000387966,1452.000,0
0.000389376,1410.000,0
0.000390774,1398.000,0
0.000392148,1374.000,0
0.000393558,1410.000,0
0.000394926,1368.000,0
0.000396330,1404.000,0
0.000397734,1404.000,0
0.000399156,1422.000,0
0.000400566,1410.000,0
0.000401964,1398.000,0
0.000403332,1368.000,0
0.000404712,1380.000,0
0.000406128,1416.000,0
0.000407514,1386.000,0
0.000409428,1914.000,0
0.000410832,1404.000,0
0.000412230,1398.000,0
0.000413658,1428.000,0
0.000415056,1398.000,0
0.000416460,1404.000,0
0.000417870,1410.000,0
0.000419238,1368.000,0
0.000420654,1416.000,0
0.000422046,1392.000,0
0.000423420,1374.000,0
0.000424800,1380.000,0
0.000426222,1422.000,0
0.000427590,1368.000,0
0.000429030,1440.000,0
0.000430476,1446.000,0
0.000431886,1410.000,0
0.000433290,1404.000,0
0.000434688,1398.000,0
0.000436116,1428.000,0
0.000437508,1392.000,0
0.000438912,1404.000,0
0.000440322,1410.000,0
0.000441708,1386.000,0
0.000443106,1398.000,0
0.000444558,1452.000,0
0.000446022,1464.000,0
0.000447390,1368.000,0
0.000448788,1398.000,0
0.000450204,1416.000,0
0.000451614,1410.000,0
0.000453006,1392.000,0
0.000454440,1434.000,0
0.000455868,1428.000,0
0.000457320,1452.000,0
0.000458724,1404.000,0
0.000460116,1392.000,0
0.000461520,1404.000,0
0.000462918,1398.000,0
0.000464370,1452.000,0
0.000465786,1416.000,0
0.000467190,1404.000,0
0.000468594,1404.000,0
0.000470004,1410.000,0
0.000471438,1434.000,0
0.000472842,1404.000,0
0.000474294,1452.000,0
0.000475740,1446.000,0
0.000477132,1392.000,0
0.000478572,1440.000,0
0.000479988,1416.000,0
0.000481356,1368.000,0
0.000482730,1374.000,0
0.000484170,1440.000,0
0.000485562,1392.000,0
0.000486966,1404.000,0
0.000488358,1392.000,0
0.000489726,1368.000,0
0.000491124,1398.000,0
0.000492576,1452.000,0
0.000493944,1368.000,0
0.000495354,1410.000,0
0.000496764,1410.000,0
0.000498210,1446.000,0
0.000499650,1440.000,0
0.000501042,1392.000,0
0.000502452,1410.000,0
0.000503856,1404.000,0
0.000505266,1410.000,0
0.000506676,1410.000,0
0.000508104,1428.000,0
0.000509520,1416.000,0
0.000510924,1404.000,0
0.000512340,1416.000,0
0.000513744,1404.000,0
0.000515136,1392.000,0
0.000516558,1422.000,0
0.000517956,1398.000,0
0.000519378,1422.000,0
0.000520764,1386.000,0
0.000522138,1374.000,0
0.000523506,1368.000,0
0.000524874,1368.000,0
0.000526242,1368.000,0
0.000527670,1428.000,0
0.000529062,1392.000,0
0.000530436,1374.000,0
0.000531840,1404.000,0
0.000533244,1404.000,0
0.000534636,1392.000,0
0.000536040,1404.000,0
0.000537462,1422.000,0
0.000538908,1446.000,0
0.000540822,1914.000,0
0.000542214,1392.000,0
0.000543612,1398.000,0
0.000545022,1410.000,0
0.000546396,1374.000,0
0.000547800,1404.000,0
0.000549192,1392.000,0
0.000550560,1368.000,0
0.000551952,1392.000,0
0.000553392,1440.000,0
0.000554784,1392.000,0
0.000556236,1452.000,0
0.000557682,1446.000,0
0.000559116,1434.000,0
0.000560508,1392.000,0
0.000561906,1398.000,0
0.000563298,1392.000,0
0.000564738,1440.000,0
0.000566148,1410.000,0
0.000567582,1434.000,0
0.000568998,1416.000,0
0.000570390,1392.000,0
0.000571794,1404.000,0
0.000573198,1404.000,0
0.000574590,1392.000,0
0.000575994,1404.000,0
0.000577398,1404.000,0
0.000578802,1404.000,0
0.000580218,1416.000,0
0.000581610,1392.000,0
0.000583014,1404.000,0
0.000584430,1416.000,0
0.000585858,1428.000,0
0.000587250,1392.000,0
0.000588654,1404.000,0
0.000590058,1404.000,0
0.000591468,1410.000,0
0.000592926,1458.000,0
0.000594294,1368.000,0
0.000595722,1428.000,0
0.000597090,1368.000,0
0.000598464,1374.000,0
0.000599880,1416.000,0
0.000601248,1368.000,0
0.000602628,1380.000,0
0.000604008,1380.000,0
0.000605406,1398.000,0
0.000606780,1374.000,0
0.000608184,1404.000,0
0.000609570,1386.000,0
0.000610968,1398.000,0
0.000612360,1392.000,0
0.000613734,1374.000,0
0.000615180,1446.000,0
0.000616602,1422.000,0
0.000617988,1386.000,0
0.000619356,1368.000,0
0.000620772,1416.000,0
0.000622188,1416.000,0
0.000623640,1452.000,0
0.000625080,1440.000,0
0.000626514,1434.000,0
0.000627948,1434.000,0
0.000629352,1404.000,0
0.000630732,1380.000,0
0.000632136,1404.000,0
0.000633558,1422.000,0
0.000634968,1410.000,0
0.000636372,1404.000,0
0.000637782,1410.000,0
0.000639168,1386.000,0
0.000640608,1440.000,0
0.000641994,1386.000,0
0.000643404,1410.000,0
0.000644766,1362.000,0
0.000646188,1422.000,0
0.000647598,1410.000,0
0.000648996,1398.000,0
0.000650370,1374.000,0
0.000651774,1404.000,0
0.000653178,1404.000,0
0.000654588,1410.000,0
0.000655962,1374.000,0
0.000657348,1386.000,0
0.000658758,1410.000,0
0.000660168,1410.000,0
0.000661578,1410.000,0
0.000662982,1404.000,0
0.000664380,1398.000,0
0.000665784,1404.000,0
0.000667170,1386.000,0
0.000668586,1416.000,0
0.000669984,1398.000,0
0.000671916,1932.000,0
0.000673428,1512.000,0
0.000674880,1452.000,0
0.000676320,1440.000,0
0.000677736,1416.000,0
0.000679110,1374.000,0
0.000680538,1428.000,0
0.000681942,1404.000,0
0.000683352,1410.000,0
0.000684744,1392.000,0
0.000686112,1368.000,0
0.000687552,1440.000,0
0.000688920,1368.000,0
0.000690336,1416.000,0
0.000691746,1410.000,0
0.000693114,1368.000,0
0.000694530,1416.000,0
0.000695904,1374.000,0
0.000697302,1398.000,0
0.000698670,1368.000,0
0.000700080,1410.000,0
0.000701466,1386.000,0
0.000702840,1374.000,0
0.000704232,1392.000,0
0.000705630,1398.000,0
0.000707052,1422.000,0
0.000708474,1422.000,0
0.000709914,1440.000,0
0.000711360,1446.000,0
0.000712764,1404.000,0
0.000714180,1416.000,0
0.000715626,1446.000,0
0.000717030,1404.000,0
0.000718446,1416.000,0
0.000719850,1404.000,0
0.000721260,1410.000,0
0.000722670,1410.000,0
0.000724050,1380.000,0
0.000725448,1398.000,0
0.000726858,1410.000,0
0.000728238,1380.000,0
0.000729642,1404.000,0
0.000731028,1386.000,0
0.000732402,1374.000,0
0.000733830,1428.000,0
0.000735240,1410.000,0
0.000736686,1446.000,0
0.000738096,1410.000,0
0.000739512,1416.000,0
0.000740952,1440.000,0
0.000742368,1416.000,0
0.000743772,1404.000,0
0.000745158,1386.000,0
0.000746580,1422.000,0
0.000747948,1368.000,0
0.000749352,1404.000,0
0.000750720,1368.000,0
0.000752166,1446.000,0
0.000753576,1410.000,0
0.000754956,1380.000,0
0.000756372,1416.000,0
0.000757758,1386.000,0
0.000759150,1392.000,0
0.000760518,1368.000,0
0.000761922,1404.000,0
0.000763326,1404.000,0
0.000764736,1410.000,0
0.000766182,1446.000,0
0.000767592,1410.000,0
0.000768996,1404.000,0
0.000770406,1410.000,0
0.000771786,1380.000,0
0.000773196,1410.000,0
0.000774600,1404.000,0
0.000776004,1404.000,0
0.000777408,1404.000,0
0.000778860,1452.000,0
0.000780270,1410.000,0
0.000781662,1392.000,0
0.000783078,1416.000,0
0.000784524,1446.000,0
0.000785958,1434.000,0
0.000787380,1422.000,0
0.000788820,1440.000,0
0.000790224,1404.000,0
0.000791610,1386.000,0
0.000793026,1416.000,0
0.000794442,1416.000,0
0.000795846,1404.000,0
0.000797262,1416.000,0
0.000798624,1362.000,0
0.000800028,1404.000,0
0.000801438,1410.000,0
0.000803274,1836.000,0
0.000804714,1440.000,0
0.000806118,1404.000,0
0.000807480,1362.000,0
0.000808890,1410.000,0
0.000810282,1392.000,0
0.000811710,1428.000,0
0.000813132,1422.000,0
0.000814536,1404.000,0
0.000815946,1410.000,0
0.000817374,1428.000,0
0.000818808,1434.000,0
0.000820224,1416.000,0
0.000821616,1392.000,0
0.000823008,1392.000,0
0.000824418,1410.000,0
0.000825828,1410.000,0
0.000827208,1380.000,0
0.000828588,1380.000,0
0.000829998,1410.000,0
0.000831396,1398.000,0
0.000832788,1392.000,0
0.000834156,1368.000,0
0.000835530,1374.000,0
0.000836946,1416.000,0
0.000838338,1392.000,0
0.000839748,1410.000,0
0.000841122,1374.000,0
0.000842532,1410.000,0
0.000843966,1434.000,0
0.000845352,1386.000,0
0.000846750,1398.000,0
0.000848154,1404.000,0
0.000849558,1404.000,0
0.000850968,1410.000,0
0.000852384,1416.000,0
0.000853794,1410.000,0
0.000855216,1422.000,0
0.000856578,1362.000,0
0.000858030,1452.000,0
0.000859422,1392.000,0
0.000860808,1386.000,0
0.000862200,1392.000,0
0.000863652,1452.000,0
0.000865068,1416.000,0
0.000866478,1410.000,0
0.000867900,1422.000,0
0.000869292,1392.000,0
0.000870684,1392.000,0
0.000872076,1392.000,0
0.000873474,1398.000,0
0.000874848,1374.000,0
0.000876276,1428.000,0
0.000877722,1446.000,0
0.000879138,1416.000,0
0.000880572,1434.000,0
0.000881976,1404.000,0
0.000883338,1362.000,0
0.000884718,1380.000,0
0.000886170,1452.000,0
0.000887538,1368.000,0
0.000888942,1404.000,0
0.000890340,1398.000,0
0.000891744,1404.000,0
0.000893112,1368.000,0
0.000894480,1368.000,0
0.000895944,1464.000,0
0.000897378,1434.000,0
0.000898764,1386.000,0
0.000900168,1404.000,0
0.000901572,1404.000,0
0.000902946,1374.000,0
0.000904362,1416.000,0
0.000905730,1368.000,0
0.000907098,1368.000,0
0.000908478,1380.000,0
0.000909852,1374.000,0
0.000911262,1410.000,0
0.000912672,1410.000,0
0.000914082,1410.000,0
0.000915528,1446.000,0
0.000916986,1458.000,0
0.000918414,1428.000,0
0.000919860,1446.000,0
0.000921228,1368.000,0
0.000922662,1434.000,0
0.000924066,1404.000,0
0.000925482,1416.000,0
0.000926898,1416.000,0
0.000928320,1422.000,0
0.000929760,1440.000,0
0.000931176,1416.000,0
0.000932568,1392.000,0
0.000934536,1968.000,0
0.000936024,1488.000,0
0.000937404,1380.000,0
0.000938808,1404.000,0
0.000940218,1410.000,0
0.000941622,1404.000,0
0.000943008,1386.000,0
0.000944412,1404.000,0
0.000945834,1422.000,0
0.000947244,1410.000,0
0.000948654,1410.000,0
0.000950028,1374.000,0
0.000951396,1368.000,0
0.000952812,1416.000,0
0.000954228,1416.000,0
0.000955662,1434.000,0
0.000957054,1392.000,0
0.000958452,1398.000,0
0.000959838,1386.000,0
0.000961236,1398.000,0
0.000962622,1386.000,0
0.000963996,1374.000,0
0.000965400,1404.000,0
0.000966786,1386.000,0
0.000968220,1434.000,0
0.000969660,1440.000,0
0.000971076,1416.000,0
0.000972522,1446.000,0
0.000973890,1368.000,0
0.000975300,1410.000,0
0.000976680,1380.000,0
0.000978054,1374.000,0
0.000979482,1428.000,0
0.000980886,1404.000,0
0.000982278,1392.000,0
0.000983682,1404.000,0
0.000985128,1446.000,0
0.000986544,1416.000,0
0.000987912,1368.000,0
0.000989340,1428.000,0
0.000990774,1434.000,0
0.000992178,1404.000,0
0.000993582,1404.000,0
0.000994962,1380.000,0
0.000996366,1404.000,0
0.000997776,1410.000,0
0.000999192,1416.000,0
0.001000596,1404.000,0
0.001002012,1416.000,0
0.001003416,1404.000,0
0.001004826,1410.000,0
0.001006236,1410.000,0
0.001007634,1398.000,0
0.001009020,1386.000,0
0.001010406,1386.000,0
0.001011840,1434.000,0
0.001013244,1404.000,0
0.001014696,1452.000,0
0.001016100,1404.000,0
0.001017468,1368.000,0
0.001018920,1452.000,0
0.001020282,1362.000,0
0.001021668,1386.000,0
0.001023072,1404.000,0
0.001024482,1410.000,0
0.001025874,1392.000,0
0.001027302,1428.000,0
0.001028688,1386.000,0
0.001030098,1410.000,0
0.001031496,1398.000,0
0.001032864,1368.000,0
0.001034328,1464.000,0
0.001035738,1410.000,0
0.001037190,1452.000,0
0.001038600,1410.000,0
0.001040016,1416.000,0
0.001041432,1416.000,0
0.001042836,1404.000,0
0.001044264,1428.000,0
0.001045626,1362.000,0
0.001047042,1416.000,0
0.001048464,1422.000,0
0.001049850,1386.000,0
0.001051290,1440.000,0
0.001052730,1440.000,0
0.001054104,1374.000,0
0.001055508,1404.000,0
0.001056912,1404.000,0
0.001058310,1398.000,0
0.001059714,1404.000,0
0.001061094,1380.000,0
0.001062492,1398.000,0
0.001063890,1398.000,0
0.001065774,1884.000,0
0.001067226,1452.000,0
0.001068636,1410.000,0
0.001070010,1374.000,0
0.001071444,1434.000,0
0.001072854,1410.000,0
0.001074300,1446.000,0
0.001075668,1368.000,0
0.001077078,1410.000,0
0.001078446,1368.000,0
0.001079874,1428.000,0
0.001081266,1392.000,0
0.001082664,1398.000,0
0.001084032,1368.000,0
0.001085424,1392.000,0
0.001086858,1434.000,0
0.001088292,1434.000,0
0.001089696,1404.000,0
0.001091106,1410.000,0
0.001092516,1410.000,0
0.001093920,1404.000,0
0.001095306,1386.000,0
0.001096704,1398.000,0
0.001098102,1398.000,0
0.001099536,1434.000,0
0.001100946,1410.000,0
0.001102350,1404.000,0
0.001103784,1434.000,0
0.001105224,1440.000,0
0.001106628,1404.000,0
0.001108032,1404.000,0
0.001109424,1392.000,0
0.001110816,1392.000,0
0.001112178,1362.000,0
0.001113630,1452.000,0
0.001115100,1470.000,0
0.001116504,1404.000,0
0.001117884,1380.000,0
0.001119288,1404.000,0
0.001120680,1392.000,0
0.001122066,1386.000,0
0.001123506,1440.000,0
0.001124958,1452.000,0
0.001126392,1434.000,0
0.001127760,1368.000,0
0.001129152,1392.000,0
0.001130556,1404.000,0
0.001131936,1380.000,0
0.001133304,1368.000,0
0.001134702,1398.000,0
0.001136130,1428.000,0
0.001137582,1452.000,0
0.001138992,1410.000,0
0.001140396,1404.000,0
0.001141782,1386.000,0
0.001144224,2442.000,0
0.001145748,1524.000,0
0.001147206,1458.000,0
0.001148610,1404.000,0
0.001150074,1464.000,0
0.001151496,1422.000,0
0.001152882,1386.000,0
0.001154298,1416.000,0
0.001155696,1398.000,0
0.001157118,1422.000,0
0.001158552,1434.000,0
0.001159932,1380.000,0
0.001161360,1428.000,0
0.001162770,1410.000,0
0.001164192,1422.000,0
0.001165602,1410.000,0
0.001167018,1416.000,0
0.001168446,1428.000,0
0.001169880,1434.000,0
0.001171284,1404.000,0
0.001172700,1416.000,0
0.001174110,1410.000,0
0.001175508,1398.000,0
0.001176900,1392.000,0
0.001178310,1410.000,0
0.001179696,1386.000,0
0.001181100,1404.000,0
0.001182492,1392.000,0
0.001183896,1404.000,0
0.001185270,1374.000,0
0.001186692,1422.000,0
0.001188066,1374.000,0
0.001189482,1416.000,0
0.001190916,1434.000,0
0.001192326,1410.000,0
0.001193766,1440.000,0
0.001195200,1434.000,0
0.001196598,1398.000,0
0.001198692,2094.000,0
0.001200240,1548.000,0
0.001201650,1410.000,0
0.001203048,1398.000,0
0.001204452,1404.000,0
0.001205844,1392.000,0
0.001207254,1410.000,0
0.001208628,1374.000,0
0.001210026,1398.000,0
0.001211388,1362.000,0
0.001212762,1374.000,0
0.001214154,1392.000,0
0.001215522,1368.000,0
0.001216914,1392.000,0
0.001218288,1374.000,0
0.001219698,1410.000,0
0.001221084,1386.000,0
0.001222488,1404.000,0
0.001223874,1386.000,0
0.001225272,1398.000,0
0.001226694,1422.000,0
0.001228116,1422.000,0
0.001229520,1404.000,0
0.001230912,1392.000,0
0.001232322,1410.000,0
0.001233732,1410.000,0
0.001235142,1410.000,0
0.001236528,1386.000,0
0.001237938,1410.000,0
0.001239342,1404.000,0
0.001240758,1416.000,0
0.001242138,1380.000,0
0.001243506,1368.000,0
0.001244892,1386.000,0
0.001246272,1380.000,0
0.001247670,1398.000,0
0.001249032,1362.000,0
0.001250406,1374.000,0
0.001251792,1386.000,0
0.001253160,1368.000,0
0.001254570,1410.000,0
0.001255944,1374.000,0
0.001257360,1416.000,0
0.001258770,1410.000,0
0.001260180,1410.000,0
0.001261596,1416.000,0
0.001262964,1368.000,0
0.001264380,1416.000,0
0.001265814,1434.000,0
0.001267218,1404.000,0
0.001268586,1368.000,0
0.001269990,1404.000,0
0.001271442,1452.000,0
0.001272906,1464.000,0
0.001274298,1392.000,0
0.001275744,1446.000,0
0.001277160,1416.000,0
0.001278546,1386.000,0
0.001279998,1452.000,0
0.001281378,1380.000,0
0.001282758,1380.000,0
0.001284150,1392.000,0
0.001285530,1380.000,0
0.001286970,1440.000,0
0.001288380,1410.000,0
0.001289790,1410.000,0
0.001291200,1410.000,0
0.001292574,1374.000,0
0.001294002,1428.000,0
0.001295412,1410.000,0
0.001296858,1446.000,0
0.001298262,1404.000,0
0.001299714,1452.000,0
0.001301124,1410.000,0
0.001302516,1392.000,0
0.001303938,1422.000,0
0.001305306,1368.000,0
0.001306704,1398.000,0
0.001308114,1410.000,0
0.001309482,1368.000,0
0.001310850,1368.000,0
0.001312242,1392.000,0
0.001313646,1404.000,0
0.001315032,1386.000,0
0.001316418,1386.000,0
0.001317828,1410.000,0
0.001319196,1368.000,0
0.001320612,1416.000,0
0.001322022,1410.000,0
0.001323426,1404.000,0
0.001324836,1410.000,0
0.001326240,1404.000,0
0.001327692,1452.000,0
0.001329504,1812.000,0
0.001330974,1470.000,0
0.001332390,1416.000,0
0.001333758,1368.000,0
0.001335150,1392.000,0
0.001336572,1422.000,0
0.001338012,1440.000,0
0.001339434,1422.000,0
0.001340838,1404.000,0
0.001342236,1398.000,0
0.001343652,1416.000,0
0.001345086,1434.000,0
0.001346478,1392.000,0
0.001347870,1392.000,0
0.001349268,1398.000,0
0.001350684,1416.000,0
0.001352094,1410.000,0
0.001353504,1410.000,0
0.001354884,1380.000,0
0.001356294,1410.000,0
0.001357680,1386.000,0
0.001359084,1404.000,0
0.001360464,1380.000,0
0.001361880,1416.000,0
0.001363314,1434.000,0
0.001364724,1410.000,0
0.001366128,1404.000,0
0.001367532,1404.000,0
0.001368906,1374.000,0
0.001370310,1404.000,0
0.001371720,1410.000,0
0.001373124,1404.000,0
0.001374534,1410.000,0
0.001375908,1374.000,0
0.001377288,1380.000,0
0.001378692,1404.000,0
0.001380096,1404.000,0
0.001381506,1410.000,0
0.001382892,1386.000,0
0.001384296,1404.000,0
0.001385682,1386.000,0
0.001387092,1410.000,0
0.001388538,1446.000,0
0.001389906,1368.000,0
0.001391304,1398.000,0
0.001392678,1374.000,0
0.001394040,1362.000,0
0.001395432,1392.000,0
0.001396836,1404.000,0
0.001398246,1410.000,0
0.001399692,1446.000,0
0.001401090,1398.000,0
0.001402500,1410.000,0
0.001403922,1422.000,0
0.001405344,1422.000,0
0.001406736,1392.000,0
0.001408152,1416.000,0
0.001409574,1422.000,0
0.001410996,1422.000,0
0.001412436,1440.000,0
0.001413882,1446.000,0
