2124,0.03 0.01 0.00 1/47 107
2154,0.02 0.01 0.00 1/47 109
2184,0.23 0.06 0.02 2/50 116
2214,0.54 0.15 0.05 2/50 118
2244,0.72 0.23 0.08 2/50 122
2274,0.83 0.31 0.11 2/50 124
2304,0.90 0.37 0.14 2/50 128
2334,0.94 0.43 0.17 2/50 130
2365,0.96 0.49 0.20 2/50 134
2395,0.98 0.54 0.22 2/50 136
2425,0.99 0.59 0.25 2/50 140
2455,0.99 0.63 0.28 2/50 142
2485,1.00 0.66 0.30 2/50 146
2515,1.00 0.69 0.32 2/50 148
2545,1.00 0.72 0.34 2/50 152
2575,1.00 0.75 0.37 2/50 154
2605,1.00 0.78 0.39 2/50 158
2635,1.00 0.80 0.41 2/50 160
2665,1.00 0.82 0.43 2/50 164
2695,1.00 0.84 0.45 2/50 166
2725,1.00 0.86 0.47 2/50 170
2755,1.00 0.87 0.48 2/50 172
2785,1.00 0.88 0.50 2/50 176
2815,1.00 0.90 0.52 2/50 178
2845,1.00 0.91 0.54 2/50 182
2875,1.00 0.92 0.55 2/50 184
2905,1.00 0.93 0.57 2/50 188
2935,1.00 0.94 0.58 2/50 190
2965,1.00 0.94 0.60 2/50 194
2995,1.00 0.95 0.61 2/50 196
3025,1.00 0.95 0.63 2/50 200
3055,1.00 0.96 0.64 2/50 202
3085,1.00 0.97 0.65 2/50 206
3115,1.00 0.97 0.66 2/50 208
3145,1.00 0.97 0.68 2/50 210
3175,1.00 0.98 0.69 2/50 214
3205,1.00 0.98 0.70 2/50 216
3235,1.00 0.98 0.71 2/50 220
3265,1.00 0.99 0.72 2/50 222
3295,1.00 0.99 0.73 2/50 226
3325,1.00 0.99 0.74 2/50 228
3355,1.00 1.00 0.75 2/50 232
3385,1.00 1.00 0.76 2/50 234
3415,1.00 1.00 0.77 2/50 238
3445,1.00 1.00 0.78 2/50 240
3475,1.00 1.00 0.79 2/50 244
3505,1.00 1.00 0.79 2/50 246
3535,1.00 1.00 0.80 2/50 250
3565,1.00 1.00 0.81 2/50 252
3595,1.00 1.00 0.82 2/50 256
3625,1.00 1.00 0.83 2/50 258
3655,1.00 1.00 0.83 2/50 262
3685,1.00 1.00 0.84 2/50 264
3715,1.00 1.00 0.84 2/50 268
3745,1.00 1.00 0.85 2/50 270
3775,1.00 1.00 0.86 2/50 274
3805,1.00 1.00 0.86 2/50 276
3835,1.00 1.00 0.87 2/50 280
3865,1.00 1.00 0.87 2/50 282
3895,1.00 1.00 0.88 2/50 286
3925,1.00 1.00 0.88 2/50 288
3955,1.00 1.00 0.89 2/50 292
3985,1.00 1.00 0.90 2/50 294
4015,1.00 1.00 0.90 2/50 298
4045,1.00 1.00 0.91 2/50 300
4075,1.00 1.00 0.91 2/50 304
4105,1.00 1.00 0.91 2/50 306
4135,1.00 1.00 0.92 2/50 310
4165,1.00 1.00 0.92 2/50 312
4195,1.00 1.00 0.92 2/50 316
4225,1.00 1.00 0.93 2/50 318
4255,1.00 1.00 0.93 2/50 322
4285,1.00 1.00 0.93 2/50 324
4315,1.00 1.00 0.93 2/50 328
4345,1.00 1.00 0.94 2/50 330
4375,1.00 1.00 0.94 2/50 334
4405,1.00 1.00 0.94 2/50 336
4435,1.00 1.00 0.95 2/50 340
4465,1.00 1.00 0.95 2/50 342
4495,1.00 1.00 0.95 2/50 346
4525,1.00 1.00 0.96 2/50 348
4555,1.00 1.00 0.96 2/50 352
4585,1.00 1.00 0.96 2/50 354
4615,1.00 1.00 0.96 2/50 358
4645,1.00 1.00 0.97 2/50 360
4676,1.00 1.00 0.97 2/50 364
4706,1.00 1.00 0.97 2/50 366
4736,1.00 1.00 0.98 2/50 370
4766,1.00 1.00 0.98 2/50 372
4796,1.00 1.00 0.98 2/50 376
4826,1.00 1.00 0.98 2/50 378
4856,1.00 1.00 0.99 2/50 382
4886,1.00 1.00 0.99 2/50 384
4916,1.00 1.00 0.99 2/50 388
4946,1.00 1.00 1.00 2/50 390
4976,1.00 1.00 1.00 2/50 394
5006,1.00 1.00 1.00 2/50 396
5036,1.00 1.00 1.00 2/50 400
5066,1.00 1.00 1.00 2/50 402
5096,1.00 1.00 1.00 2/50 406
5126,1.00 1.00 1.00 2/50 408
5156,1.00 1.00 1.00 2/50 412
5186,1.00 1.00 1.00 2/50 414
5216,1.00 1.00 1.00 2/50 418
5246,1.00 1.00 1.00 2/50 420
5276,1.00 1.00 1.00 2/50 424
5306,1.00 1.00 1.00 2/50 426
5336,1.00 1.00 1.00 2/50 430
5366,1.00 1.00 1.00 2/50 432
5396,1.00 1.00 1.00 2/50 436
5426,1.00 1.00 1.00 2/50 438
5456,1.00 1.00 1.00 2/50 442
5486,1.00 1.00 1.00 2/50 444
5516,1.00 1.00 1.00 2/50 448
5546,1.00 1.00 1.00 2/50 450
5576,1.00 1.00 1.00 2/50 454
5606,1.00 1.00 1.00 2/50 456
5636,1.00 1.00 1.00 2/50 460
5666,1.00 1.00 1.00 2/50 462
5696,1.00 1.00 1.00 2/50 466
5726,1.00 1.00 1.00 2/50 468
5756,1.00 1.00 1.00 2/50 472
5786,1.00 1.00 1.00 2/50 474
5816,1.00 1.00 1.00 2/50 476
5846,1.00 1.00 1.00 2/50 480
5876,1.00 1.00 1.00 2/50 482
5906,1.00 1.00 1.00 2/50 486
5936,1.00 1.00 1.00 2/50 488
5966,1.00 1.00 1.00 2/50 492
5996,1.00 1.00 1.00 2/50 494
6026,1.00 1.00 1.00 2/50 498
6056,1.00 1.00 1.00 2/50 500
6086,1.00 1.00 1.00 2/50 504
6116,1.00 1.00 1.00 2/50 506
6146,1.00 1.00 1.00 2/50 510
6176,1.00 1.00 1.00 2/50 512
6206,1.00 1.00 1.00 2/50 516
6236,1.00 1.00 1.00 2/50 518
6266,1.00 1.00 1.00 2/50 522
6296,1.00 1.00 1.00 2/50 524
6326,1.00 1.00 1.00 2/50 528
6356,1.00 1.00 1.00 2/50 530
6386,1.00 1.00 1.00 2/50 534
6416,1.00 1.00 1.00 2/50 536
6446,1.00 1.00 1.00 2/50 540
6476,1.00 1.00 1.00 2/50 542
6506,1.00 1.00 1.00 2/50 546
6536,1.00 1.00 1.00 2/50 548
6566,1.00 1.00 1.00 2/50 552
6596,1.00 1.00 1.00 2/50 554
6626,1.00 1.00 1.00 2/50 558
6656,1.00 1.00 1.00 2/50 560
6686,1.00 1.00 1.00 2/50 564
6716,1.00 1.00 1.00 2/50 566
6746,1.00 1.00 1.00 2/50 570
6776,1.00 1.00 1.00 2/50 572
6806,1.00 1.00 1.00 2/50 576
6836,1.00 1.00 1.00 2/50 578
6866,1.00 1.00 1.00 2/50 582
6896,1.00 1.00 1.00 2/50 584
6926,1.00 1.00 1.00 2/50 588
6957,1.00 1.00 1.00 2/50 590
6987,1.00 1.00 1.00 2/50 594
7017,1.00 1.00 1.00 2/50 596
7047,1.00 1.00 1.00 2/50 600
7077,1.00 1.00 1.00 2/50 602
7107,1.00 1.00 1.00 2/50 606
7137,1.00 1.00 1.00 2/50 608
7167,1.00 1.00 1.00 2/50 612
7197,1.00 1.00 1.00 2/50 614
7227,1.00 1.00 1.00 2/50 618
7257,1.00 1.00 1.00 2/50 620
7287,1.00 1.00 1.00 2/50 624
7317,1.00 1.00 1.00 2/50 626
7347,1.00 1.00 1.00 2/50 630
7377,1.00 1.00 1.00 2/50 632
7407,1.00 1.00 1.00 2/50 636
7437,1.00 1.00 1.00 2/50 638
7467,1.00 1.00 1.00 2/50 642
7497,1.00 1.00 1.00 2/50 644
7527,1.00 1.00 1.00 2/50 648
7557,1.00 1.00 1.00 2/50 650
7587,1.00 1.00 1.00 2/50 654
7617,1.00 1.00 1.00 2/50 656
7647,1.00 1.00 1.00 2/50 660
7677,1.00 1.00 1.00 2/50 662
7707,1.00 1.00 1.00 2/50 666
7737,1.00 1.00 1.00 2/50 668
7767,1.00 1.00 1.00 2/50 672
7797,1.00 1.00 1.00 2/50 674
7827,1.00 1.00 1.00 2/50 678
7857,1.00 1.00 1.00 2/50 680
7887,1.00 1.00 1.00 2/50 684
7917,1.00 1.00 1.00 2/50 686
7947,1.00 1.00 1.00 2/50 690
7977,1.00 1.00 1.00 2/50 692
8007,1.00 1.00 1.00 2/50 696
8037,1.00 1.00 1.00 2/50 698
8067,1.00 1.00 1.00 2/50 702
8097,1.00 1.00 1.00 2/50 704
8127,1.00 1.00 1.00 2/50 708
8157,1.00 1.00 1.00 2/50 710
8187,1.00 1.00 1.00 2/50 714
8217,1.00 1.00 1.00 2/50 716
8247,1.00 1.00 1.00 2/50 720
8277,1.00 1.00 1.00 2/50 722
8307,1.00 1.00 1.00 2/50 726
8337,1.00 1.00 1.00 2/50 728
8367,1.00 1.00 1.00 2/50 732
8397,1.00 1.00 1.00 2/50 734
8427,1.00 1.00 1.00 2/50 736
8457,1.00 1.00 1.00 2/50 740
8487,1.00 1.00 1.00 2/50 742
8517,1.00 1.00 1.00 2/50 746
8547,1.00 1.00 1.00 2/50 748
8577,1.00 1.00 1.00 2/50 752
8607,1.00 1.00 1.00 2/50 754
8637,1.00 1.00 1.00 2/50 758
8667,1.00 1.00 1.00 2/50 760
8697,1.00 1.00 1.00 2/50 764
8727,1.00 1.00 1.00 2/50 766
8757,1.00 1.00 1.00 2/50 770
8787,1.00 1.00 1.00 2/50 772
8817,1.00 1.00 1.00 2/50 776
8847,1.00 1.00 1.00 2/50 778
8877,1.00 1.00 1.00 2/50 782
8907,1.00 1.00 1.00 2/50 784
8937,1.00 1.00 1.00 2/50 788
8967,1.00 1.00 1.00 2/50 790
8997,1.05 1.01 1.00 2/50 794
9027,1.03 1.01 1.00 2/50 796
9057,1.02 1.01 1.00 2/50 800
9087,1.01 1.01 1.00 2/50 802
9117,1.00 1.00 1.00 2/50 806
9147,1.00 1.00 1.00 2/50 808
9177,1.00 1.00 1.00 2/50 812
9207,1.00 1.00 1.00 2/50 814
9237,1.00 1.00 1.00 2/50 818
9268,1.00 1.00 1.00 2/50 820
9298,1.00 1.00 1.00 2/50 824
9328,1.00 1.00 1.00 2/50 826
9358,1.00 1.00 1.00 2/50 830
9388,1.00 1.00 1.00 2/50 832
9418,1.00 1.00 1.00 2/50 836
9448,1.00 1.00 1.00 2/50 838
9478,1.00 1.00 1.00 2/50 842
9508,1.00 1.00 1.00 2/50 844
9538,1.00 1.00 1.00 2/50 848
9568,1.00 1.00 1.00 2/50 850
9598,1.00 1.00 1.00 2/50 854
9628,1.00 1.00 1.00 2/50 856
9658,1.00 1.00 1.00 2/50 860
9688,1.00 1.00 1.00 2/50 862
9718,1.00 1.00 1.00 2/50 866
9748,1.00 1.00 1.00 2/50 868
9778,1.00 1.00 1.00 2/50 872
9808,1.00 1.00 1.00 2/50 874
9838,1.00 1.00 1.00 2/50 878
9868,1.00 1.00 1.00 2/50 880
9898,1.00 1.00 1.00 2/50 884
9928,1.00 1.00 1.00 2/50 886
9958,1.00 1.00 1.00 2/50 890
9988,1.00 1.00 1.00 2/50 892
10018,1.00 1.00 1.00 2/50 896
10048,1.00 1.00 1.00 2/50 898
10078,1.00 1.00 1.00 2/50 902
10108,1.00 1.00 1.00 2/50 904
10138,1.00 1.00 1.00 2/50 908
10168,1.00 1.00 1.00 2/50 910
10198,1.00 1.00 1.00 2/50 914
10228,1.00 1.00 1.00 2/50 916
10258,1.00 1.00 1.00 2/50 920
10288,1.00 1.00 1.00 2/50 922
10318,1.00 1.00 1.00 2/50 926
10348,1.00 1.00 1.00 2/50 928
10378,1.00 1.00 1.00 2/50 932
10408,1.00 1.00 1.00 2/50 934
10438,1.00 1.00 1.00 2/50 938
10468,1.00 1.00 1.00 2/50 940
10498,1.00 1.00 1.00 2/50 944
10528,1.00 1.00 1.00 2/50 946
10558,1.00 1.00 1.00 2/50 950
10588,1.00 1.00 1.00 2/50 952
10618,1.00 1.00 1.00 2/50 956
10648,1.00 1.00 1.00 2/50 958
10678,1.00 1.00 1.00 2/50 962
10708,1.00 1.00 1.00 2/50 964
10738,1.00 1.00 1.00 2/50 968
10768,1.00 1.00 1.00 2/50 970
10798,1.00 1.00 1.00 2/50 974
10828,1.00 1.00 1.00 2/50 976
10858,1.00 1.00 1.00 2/50 980
10888,1.00 1.00 1.00 2/50 982
10918,1.00 1.00 1.00 2/50 986
10948,1.00 1.00 1.00 2/50 988
10978,1.00 1.00 1.00 2/50 992
11008,1.00 1.00 1.00 2/50 994
11038,1.00 1.00 1.00 2/50 996
11068,1.00 1.00 1.00 2/50 1000
11098,1.00 1.00 1.00 2/50 1002
11128,1.00 1.00 1.00 2/50 1006
11158,1.00 1.00 1.00 2/50 1008
11188,1.00 1.00 1.00 2/50 1012
11218,1.00 1.00 1.00 2/50 1014
11248,1.00 1.00 1.00 2/50 1018
11278,1.00 1.00 1.00 2/50 1020
11308,1.00 1.00 1.00 2/50 1024
11338,1.00 1.00 1.00 2/50 1026
11368,1.00 1.00 1.00 2/50 1030
11398,1.00 1.00 1.00 2/50 1032
11428,1.00 1.00 1.00 2/50 1036
11458,1.00 1.00 1.00 2/50 1038
11488,1.00 1.00 1.00 2/50 1042
11518,1.00 1.00 1.00 2/50 1044
11548,1.00 1.00 1.00 2/50 1048
11579,1.00 1.00 1.00 2/50 1050
11609,1.00 1.00 1.00 2/50 1054
11639,1.00 1.00 1.00 2/50 1056
11669,1.00 1.00 1.00 2/50 1060
11699,1.00 1.00 1.00 2/50 1062
11729,1.00 1.00 1.00 2/50 1066
11759,1.00 1.00 1.00 2/50 1068
11789,1.00 1.00 1.00 2/50 1072
11819,1.00 1.00 1.00 2/50 1074
11849,1.00 1.00 1.00 2/50 1078
11879,1.00 1.00 1.00 2/50 1080
11909,1.00 1.00 1.00 2/50 1084
11939,1.00 1.00 1.00 2/50 1086
11969,1.00 1.00 1.00 2/50 1090
11999,1.00 1.00 1.00 2/50 1092
12029,1.00 1.00 1.00 2/50 1096
12059,1.00 1.00 1.00 2/50 1098
12089,1.00 1.00 1.00 2/50 1102
12119,1.00 1.00 1.00 2/50 1104
12149,1.00 1.00 1.00 2/50 1108
12179,1.00 1.00 1.00 2/50 1110
12209,1.00 1.00 1.00 2/50 1114
12239,1.00 1.00 1.00 2/50 1116
12269,1.00 1.00 1.00 2/50 1120
12299,1.00 1.00 1.00 2/50 1122
12329,1.00 1.00 1.00 2/50 1126
12359,1.00 1.00 1.00 2/50 1128
12389,1.00 1.00 1.00 2/50 1132
12419,1.00 1.00 1.00 2/50 1134
12449,1.00 1.00 1.00 2/50 1138
12479,1.00 1.00 1.00 2/50 1140
12509,1.00 1.00 1.00 2/50 1144
12539,1.00 1.00 1.00 2/50 1146
12569,1.00 1.00 1.00 2/50 1150
12599,1.00 1.00 1.00 2/50 1152
12629,1.00 1.00 1.00 2/50 1156
12659,1.00 1.00 1.00 2/50 1158
12689,1.00 1.00 1.00 2/50 1162
12719,1.00 1.00 1.00 2/50 1164
12749,1.00 1.00 1.00 2/50 1168
12779,1.00 1.00 1.00 2/50 1170
12809,1.00 1.00 1.00 2/50 1174
12839,1.00 1.00 1.00 2/50 1176
12869,1.00 1.00 1.00 2/50 1180
12899,1.00 1.00 1.00 2/50 1182
12929,1.00 1.00 1.00 2/50 1186
12959,1.00 1.00 1.00 2/50 1188
12989,1.00 1.00 1.00 2/50 1192
13019,1.00 1.00 1.00 2/50 1194
13049,1.00 1.00 1.00 2/50 1198
13079,1.00 1.00 1.00 2/50 1200
13109,1.00 1.00 1.00 2/50 1204
13139,1.00 1.00 1.00 2/50 1206
13169,1.00 1.00 1.00 2/50 1210
13199,1.00 1.00 1.00 2/50 1212
13229,1.00 1.00 1.00 2/50 1216
13259,1.00 1.00 1.00 2/50 1218
13289,1.00 1.00 1.00 2/50 1222
13319,1.00 1.00 1.00 2/50 1224
13349,1.00 1.00 1.00 2/50 1228
13379,1.00 1.00 1.00 2/50 1230
13409,1.00 1.00 1.00 2/50 1234
13439,1.00 1.00 1.00 2/50 1236
13469,1.00 1.00 1.00 2/50 1240
13499,1.00 1.00 1.00 2/50 1242
13529,1.00 1.00 1.00 2/50 1246
13559,1.00 1.00 1.00 2/50 1248
13589,1.00 1.00 1.00 2/50 1252
13619,1.00 1.00 1.00 2/50 1254
13649,1.00 1.00 1.00 2/50 1256
13679,1.00 1.00 1.00 2/50 1260
13709,1.00 1.00 1.00 2/50 1262
13739,1.00 1.00 1.00 2/50 1266
13769,1.00 1.00 1.00 2/50 1268
13799,1.00 1.00 1.00 2/50 1272
13829,1.00 1.00 1.00 2/50 1274
13860,1.00 1.00 1.00 2/50 1278
13890,1.00 1.00 1.00 2/50 1280
13920,1.00 1.00 1.00 2/50 1284
13950,1.00 1.00 1.00 2/50 1286
13980,1.00 1.00 1.00 2/50 1290
14010,1.00 1.00 1.00 2/50 1292
14040,1.00 1.00 1.00 2/50 1296
14070,1.00 1.00 1.00 2/50 1298
14100,1.00 1.00 1.00 2/50 1302
14130,1.00 1.00 1.00 2/50 1304
14160,1.00 1.00 1.00 2/50 1308
14190,1.00 1.00 1.00 2/50 1310
14220,1.00 1.00 1.00 2/50 1314
14250,1.00 1.00 1.00 2/50 1316
14280,1.00 1.00 1.00 2/50 1320
14310,1.00 1.00 1.00 2/50 1322
14340,1.00 1.00 1.00 2/50 1326
14370,1.00 1.00 1.00 2/50 1328
14400,1.00 1.00 1.00 2/50 1332
14430,1.00 1.00 1.00 2/50 1334
14460,1.00 1.00 1.00 2/50 1338
14490,1.00 1.00 1.00 2/50 1340
14520,1.00 1.00 1.00 2/50 1344
14550,1.00 1.00 1.00 2/50 1346
14580,1.00 1.00 1.00 2/50 1350
14610,1.00 1.00 1.00 2/50 1352
14640,1.00 1.00 1.00 2/50 1356
14670,1.00 1.00 1.00 2/50 1358
14700,1.00 1.00 1.00 2/50 1362
14730,1.00 1.00 1.00 2/50 1364
14760,1.00 1.00 1.00 2/50 1368
14790,1.00 1.00 1.00 2/50 1370
14820,1.00 1.00 1.00 2/50 1374
14850,1.00 1.00 1.00 2/50 1376
14880,1.00 1.00 1.00 2/50 1380
14910,1.00 1.00 1.00 2/50 1382
14940,1.00 1.00 1.00 2/50 1386
14970,1.00 1.00 1.00 2/50 1388
15000,1.00 1.00 1.00 2/50 1392
15030,1.00 1.00 1.00 2/50 1394
15060,1.00 1.00 1.00 2/50 1398
15090,1.00 1.00 1.00 2/50 1400
15120,1.00 1.00 1.00 2/50 1404
15150,1.00 1.00 1.00 2/50 1406
15180,1.00 1.00 1.00 2/50 1410
15210,1.00 1.00 1.00 2/50 1412
15240,1.00 1.00 1.00 2/50 1416
15270,1.00 1.00 1.00 2/50 1418
15300,1.00 1.00 1.00 2/50 1422
15330,1.00 1.00 1.00 2/50 1424
15360,1.00 1.00 1.00 2/50 1428
15390,1.00 1.00 1.00 2/50 1430
15420,1.00 1.00 1.00 2/50 1434
15450,1.00 1.00 1.00 2/50 1436
15480,1.00 1.00 1.00 2/50 1440
15510,1.00 1.00 1.00 2/50 1442
15540,1.00 1.00 1.00 2/50 1446
15570,1.00 1.00 1.00 2/50 1448
15600,1.00 1.00 1.00 2/50 1452
15630,1.00 1.00 1.00 2/50 1454
15660,1.00 1.00 1.00 2/50 1458
15690,1.00 1.00 1.00 2/50 1460
15720,1.00 1.00 1.00 2/50 1464
15750,1.00 1.00 1.00 2/50 1466
15780,1.00 1.00 1.00 2/50 1470
15810,1.00 1.00 1.00 2/50 1472
15840,1.00 1.00 1.00 2/50 1476
15870,1.00 1.00 1.00 2/50 1478
15900,1.00 1.00 1.00 2/50 1482
15930,1.00 1.00 1.00 2/50 1484
15960,1.00 1.00 1.00 2/50 1488
15990,1.00 1.00 1.00 2/50 1490
16020,1.00 1.00 1.00 2/50 1494
16050,1.00 1.00 1.00 2/50 1496
16080,1.00 1.00 1.00 2/50 1500
16110,1.00 1.00 1.00 2/50 1502
16140,1.00 1.00 1.00 2/50 1506
16171,1.00 1.00 1.00 2/50 1508
16201,1.00 1.00 1.00 2/50 1512
16231,1.00 1.00 1.00 2/50 1514
16261,1.00 1.00 1.00 2/50 1516
16291,1.00 1.00 1.00 2/50 1520
16321,1.00 1.00 1.00 2/50 1522
16351,1.00 1.00 1.00 2/50 1526
16381,1.00 1.00 1.00 2/50 1528
16411,1.00 1.00 1.00 2/50 1532
16441,1.00 1.00 1.00 2/50 1534
16471,1.00 1.00 1.00 2/50 1538
16501,1.00 1.00 1.00 2/50 1540
16531,1.00 1.00 1.00 2/50 1544
16561,1.00 1.00 1.00 2/50 1546
16591,1.00 1.00 1.00 2/50 1550
16621,1.00 1.00 1.00 2/50 1552
16651,1.00 1.00 1.00 2/50 1556
16681,1.00 1.00 1.00 2/50 1558
16711,1.00 1.00 1.00 2/50 1562
16741,1.00 1.00 1.00 2/50 1564
16771,1.00 1.00 1.00 2/50 1568
16801,1.00 1.00 1.00 2/50 1570
16831,1.00 1.00 1.00 2/50 1574
16861,1.00 1.00 1.00 2/50 1576
16891,1.00 1.00 1.00 2/50 1580
16921,1.00 1.00 1.00 2/50 1582
16951,1.00 1.00 1.00 2/50 1586
16981,1.00 1.00 1.00 2/50 1588
17011,1.00 1.00 1.00 2/50 1592
17041,1.00 1.00 1.00 2/50 1594
17071,1.00 1.00 1.00 2/50 1598
17101,1.00 1.00 1.00 2/50 1600
17131,1.00 1.00 1.00 2/50 1604
17161,1.00 1.00 1.00 2/50 1606
17191,1.00 1.00 1.00 2/50 1610
17221,1.00 1.00 1.00 2/50 1612
17251,1.00 1.00 1.00 2/50 1616
17281,1.00 1.00 1.00 2/50 1618
17311,1.00 1.00 1.00 2/50 1622
17341,1.00 1.00 1.00 2/50 1624
17371,1.00 1.00 1.00 2/50 1628
17401,1.00 1.00 1.00 2/50 1630
17431,1.00 1.00 1.00 2/50 1634
17461,1.00 1.00 1.00 2/50 1636
17491,1.00 1.00 1.00 2/50 1640
17521,1.00 1.00 1.00 2/50 1642
17551,1.00 1.00 1.00 2/50 1646
17581,1.00 1.00 1.00 2/50 1648
17611,1.00 1.00 1.00 2/50 1652
17641,1.00 1.00 1.00 2/50 1654
17671,1.00 1.00 1.00 2/50 1658
17701,1.00 1.00 1.00 2/50 1660
17731,1.00 1.00 1.00 2/50 1664
17761,1.00 1.00 1.00 2/50 1666
17791,1.00 1.00 1.00 2/50 1670
17821,1.00 1.00 1.00 2/50 1672
17851,1.00 1.00 1.00 2/50 1676
17881,1.00 1.00 1.00 2/50 1678
17911,1.00 1.00 1.00 2/50 1682
17941,1.00 1.00 1.00 2/50 1684
17971,1.00 1.00 1.00 2/50 1688
18001,1.00 1.00 1.00 2/50 1690
18031,1.00 1.00 1.00 2/50 1694
18061,1.00 1.00 1.00 2/50 1696
18091,1.00 1.00 1.00 2/50 1700
18121,1.00 1.00 1.00 2/50 1702
18151,1.00 1.00 1.00 2/50 1706
18181,1.00 1.00 1.00 2/50 1708
18211,1.00 1.00 1.00 2/50 1712
18241,1.00 1.00 1.00 2/50 1714
18271,1.00 1.00 1.00 2/50 1718
18301,1.00 1.00 1.00 2/50 1720
18331,1.00 1.00 1.00 2/50 1724
18361,1.00 1.00 1.00 2/50 1726
18391,1.00 1.00 1.00 2/50 1730
18421,1.00 1.00 1.00 2/50 1732
18451,1.00 1.00 1.00 2/50 1736
18482,1.00 1.00 1.00 2/50 1738
18512,1.00 1.00 1.00 2/50 1742
18542,1.00 1.00 1.00 2/50 1744
18572,1.00 1.00 1.00 2/50 1748
18602,1.05 1.01 1.00 2/50 1750
18632,1.03 1.01 1.00 2/50 1754
18662,1.02 1.01 1.00 2/50 1756
18692,1.01 1.01 1.00 2/50 1760
18722,1.00 1.00 1.00 2/50 1762
18752,1.00 1.00 1.00 2/50 1766
18782,1.00 1.00 1.00 2/50 1768
18812,1.00 1.00 1.00 2/50 1772
18842,1.00 1.00 1.00 2/50 1774
18872,1.00 1.00 1.00 2/50 1778
18902,1.00 1.00 1.00 2/50 1780
18932,1.00 1.00 1.00 2/50 1782
18962,1.00 1.00 1.00 2/50 1786
18992,1.00 1.00 1.00 2/50 1788
19022,1.00 1.00 1.00 2/50 1792
19052,1.00 1.00 1.00 2/50 1794
19082,1.00 1.00 1.00 2/50 1798
19112,1.00 1.00 1.00 2/50 1800
19142,1.00 1.00 1.00 2/50 1804
19172,1.00 1.00 1.00 2/50 1806
19202,1.00 1.00 1.00 2/50 1810
19232,1.00 1.00 1.00 2/50 1812
19262,1.00 1.00 1.00 2/50 1816
19292,1.00 1.00 1.00 2/50 1818
19322,1.00 1.00 1.00 2/50 1822
19352,1.00 1.00 1.00 2/50 1824
19382,1.00 1.00 1.00 2/50 1828
19412,1.00 1.00 1.00 2/50 1830
19442,1.00 1.00 1.00 2/50 1834
19472,1.00 1.00 1.00 2/50 1836
19502,1.00 1.00 1.00 2/50 1840
19532,1.00 1.00 1.00 2/50 1842
19562,1.00 1.00 1.00 2/50 1846
19592,1.00 1.00 1.00 2/50 1848
19622,1.00 1.00 1.00 2/50 1852
19652,1.00 1.00 1.00 2/50 1854
19682,1.00 1.00 1.00 2/50 1858
19712,1.00 1.00 1.00 2/50 1860
19742,1.00 1.00 1.00 2/50 1864
19772,1.00 1.00 1.00 2/50 1866
19802,1.00 1.00 1.00 2/50 1870
19832,1.00 1.00 1.00 2/50 1872
19862,1.00 1.00 1.00 2/50 1876
19892,1.00 1.00 1.00 2/50 1878
19922,1.00 1.00 1.00 2/50 1882
19952,1.00 1.00 1.00 2/50 1884
19982,1.00 1.00 1.00 2/50 1888
20012,1.00 1.00 1.00 2/50 1890
20042,1.00 1.00 1.00 2/50 1894
20072,1.00 1.00 1.00 2/50 1896
20102,1.00 1.00 1.00 2/50 1900
20132,1.00 1.00 1.00 2/50 1902
20162,1.00 1.00 1.00 2/50 1906
20192,1.00 1.00 1.00 2/50 1908
20222,1.00 1.00 1.00 2/50 1912
20252,1.00 1.00 1.00 2/50 1914
20282,1.00 1.00 1.00 2/50 1918
20312,1.00 1.00 1.00 2/50 1920
20342,1.00 1.00 1.00 2/50 1924
20372,1.00 1.00 1.00 2/50 1926
